CREATE TABLE IF NOT EXISTS "admin_permissions" ("id" SERIAL PRIMARY KEY NOT NULL, "document_id" varchar(255) NULL, "action" varchar(255) NULL, "action_parameters" JSONB NULL, "subject" varchar(255) NULL, "properties" JSONB NULL, "conditions" JSONB NULL, "created_at" TIMESTAMP NULL, "updated_at" TIMESTAMP NULL, "published_at" TIMESTAMP NULL, "created_by_id" integer NULL, "updated_by_id" integer NULL, "locale" varchar(255) NULL, CONSTRAINT "admin_permissions_created_by_id_fk" FOREIGN KEY ("created_by_id") REFERENCES "admin_users" ("id") ON DELETE SET NULL, CONSTRAINT "admin_permissions_updated_by_id_fk" FOREIGN KEY ("updated_by_id") REFERENCES "admin_users" ("id") ON DELETE SET NULL, CONSTRAINT "admin_permissions_created_by_id_fk" FOREIGN KEY ("created_by_id") REFERENCES "admin_users" ("id") ON DELETE SET NULL, CONSTRAINT "admin_permissions_updated_by_id_fk" FOREIGN KEY ("updated_by_id") REFERENCES "admin_users" ("id") ON DELETE SET NULL);
CREATE TABLE IF NOT EXISTS "admin_permissions_role_lnk" ("id" SERIAL PRIMARY KEY NOT NULL, "permission_id" integer NULL, "role_id" integer NULL, "permission_ord" float NULL, CONSTRAINT "admin_permissions_role_lnk_fk" FOREIGN KEY ("permission_id") REFERENCES "admin_permissions" ("id") ON DELETE CASCADE, CONSTRAINT "admin_permissions_role_lnk_ifk" FOREIGN KEY ("role_id") REFERENCES "admin_roles" ("id") ON DELETE CASCADE, CONSTRAINT "admin_permissions_role_lnk_fk" FOREIGN KEY ("permission_id") REFERENCES "admin_permissions" ("id") ON DELETE CASCADE, CONSTRAINT "admin_permissions_role_lnk_ifk" FOREIGN KEY ("role_id") REFERENCES "admin_roles" ("id") ON DELETE CASCADE);
CREATE TABLE IF NOT EXISTS "admin_roles" ("id" SERIAL PRIMARY KEY NOT NULL, "document_id" varchar(255) NULL, "name" varchar(255) NULL, "code" varchar(255) NULL, "description" varchar(255) NULL, "created_at" TIMESTAMP NULL, "updated_at" TIMESTAMP NULL, "published_at" TIMESTAMP NULL, "created_by_id" integer NULL, "updated_by_id" integer NULL, "locale" varchar(255) NULL, CONSTRAINT "admin_roles_created_by_id_fk" FOREIGN KEY ("created_by_id") REFERENCES "admin_users" ("id") ON DELETE SET NULL, CONSTRAINT "admin_roles_updated_by_id_fk" FOREIGN KEY ("updated_by_id") REFERENCES "admin_users" ("id") ON DELETE SET NULL, CONSTRAINT "admin_roles_created_by_id_fk" FOREIGN KEY ("created_by_id") REFERENCES "admin_users" ("id") ON DELETE SET NULL, CONSTRAINT "admin_roles_updated_by_id_fk" FOREIGN KEY ("updated_by_id") REFERENCES "admin_users" ("id") ON DELETE SET NULL);
CREATE TABLE IF NOT EXISTS "admin_users" ("id" SERIAL PRIMARY KEY NOT NULL, "document_id" varchar(255) NULL, "firstname" varchar(255) NULL, "lastname" varchar(255) NULL, "username" varchar(255) NULL, "email" varchar(255) NULL, "password" varchar(255) NULL, "reset_password_token" varchar(255) NULL, "registration_token" varchar(255) NULL, "is_active" boolean NULL, "blocked" boolean NULL, "prefered_language" varchar(255) NULL, "created_at" TIMESTAMP NULL, "updated_at" TIMESTAMP NULL, "published_at" TIMESTAMP NULL, "created_by_id" integer NULL, "updated_by_id" integer NULL, "locale" varchar(255) NULL, CONSTRAINT "admin_users_created_by_id_fk" FOREIGN KEY ("created_by_id") REFERENCES "admin_users" ("id") ON DELETE SET NULL, CONSTRAINT "admin_users_updated_by_id_fk" FOREIGN KEY ("updated_by_id") REFERENCES "admin_users" ("id") ON DELETE SET NULL, CONSTRAINT "admin_users_created_by_id_fk" FOREIGN KEY ("created_by_id") REFERENCES "admin_users" ("id") ON DELETE SET NULL, CONSTRAINT "admin_users_updated_by_id_fk" FOREIGN KEY ("updated_by_id") REFERENCES "admin_users" ("id") ON DELETE SET NULL);
CREATE TABLE IF NOT EXISTS "admin_users_roles_lnk" ("id" SERIAL PRIMARY KEY NOT NULL, "user_id" integer NULL, "role_id" integer NULL, "role_ord" float NULL, "user_ord" float NULL, CONSTRAINT "admin_users_roles_lnk_fk" FOREIGN KEY ("user_id") REFERENCES "admin_users" ("id") ON DELETE CASCADE, CONSTRAINT "admin_users_roles_lnk_ifk" FOREIGN KEY ("role_id") REFERENCES "admin_roles" ("id") ON DELETE CASCADE, CONSTRAINT "admin_users_roles_lnk_fk" FOREIGN KEY ("user_id") REFERENCES "admin_users" ("id") ON DELETE CASCADE, CONSTRAINT "admin_users_roles_lnk_ifk" FOREIGN KEY ("role_id") REFERENCES "admin_roles" ("id") ON DELETE CASCADE);
CREATE TABLE IF NOT EXISTS "files" ("id" SERIAL PRIMARY KEY NOT NULL, "document_id" varchar(255) NULL, "name" varchar(255) NULL, "alternative_text" varchar(255) NULL, "caption" varchar(255) NULL, "width" integer NULL, "height" integer NULL, "formats" JSONB NULL, "hash" varchar(255) NULL, "ext" varchar(255) NULL, "mime" varchar(255) NULL, "size" float NULL, "url" varchar(255) NULL, "preview_url" varchar(255) NULL, "provider" varchar(255) NULL, "provider_metadata" JSONB NULL, "folder_path" varchar(255) NULL, "created_at" TIMESTAMP NULL, "updated_at" TIMESTAMP NULL, "published_at" TIMESTAMP NULL, "created_by_id" integer NULL, "updated_by_id" integer NULL, "locale" varchar(255) NULL, CONSTRAINT "files_created_by_id_fk" FOREIGN KEY ("created_by_id") REFERENCES "admin_users" ("id") ON DELETE SET NULL, CONSTRAINT "files_updated_by_id_fk" FOREIGN KEY ("updated_by_id") REFERENCES "admin_users" ("id") ON DELETE SET NULL, CONSTRAINT "files_created_by_id_fk" FOREIGN KEY ("created_by_id") REFERENCES "admin_users" ("id") ON DELETE SET NULL, CONSTRAINT "files_updated_by_id_fk" FOREIGN KEY ("updated_by_id") REFERENCES "admin_users" ("id") ON DELETE SET NULL);
CREATE TABLE IF NOT EXISTS "files_folder_lnk" ("id" SERIAL PRIMARY KEY NOT NULL, "file_id" integer NULL, "folder_id" integer NULL, "file_ord" float NULL, CONSTRAINT "files_folder_lnk_fk" FOREIGN KEY ("file_id") REFERENCES "files" ("id") ON DELETE CASCADE, CONSTRAINT "files_folder_lnk_ifk" FOREIGN KEY ("folder_id") REFERENCES "upload_folders" ("id") ON DELETE CASCADE, CONSTRAINT "files_folder_lnk_fk" FOREIGN KEY ("file_id") REFERENCES "files" ("id") ON DELETE CASCADE, CONSTRAINT "files_folder_lnk_ifk" FOREIGN KEY ("folder_id") REFERENCES "upload_folders" ("id") ON DELETE CASCADE);
CREATE TABLE IF NOT EXISTS "files_related_mph" ("id" SERIAL PRIMARY KEY NOT NULL, "file_id" integer NULL, "related_id" integer NULL, "related_type" varchar(255) NULL, "field" varchar(255) NULL, "order" float NULL, CONSTRAINT "files_related_mph_fk" FOREIGN KEY ("file_id") REFERENCES "files" ("id") ON DELETE CASCADE, CONSTRAINT "files_related_mph_fk" FOREIGN KEY ("file_id") REFERENCES "files" ("id") ON DELETE CASCADE);
CREATE TABLE IF NOT EXISTS "i18n_locale" ("id" SERIAL PRIMARY KEY NOT NULL, "document_id" varchar(255) NULL, "name" varchar(255) NULL, "code" varchar(255) NULL, "created_at" TIMESTAMP NULL, "updated_at" TIMESTAMP NULL, "published_at" TIMESTAMP NULL, "created_by_id" integer NULL, "updated_by_id" integer NULL, "locale" varchar(255) NULL, CONSTRAINT "i18n_locale_created_by_id_fk" FOREIGN KEY ("created_by_id") REFERENCES "admin_users" ("id") ON DELETE SET NULL, CONSTRAINT "i18n_locale_updated_by_id_fk" FOREIGN KEY ("updated_by_id") REFERENCES "admin_users" ("id") ON DELETE SET NULL, CONSTRAINT "i18n_locale_created_by_id_fk" FOREIGN KEY ("created_by_id") REFERENCES "admin_users" ("id") ON DELETE SET NULL, CONSTRAINT "i18n_locale_updated_by_id_fk" FOREIGN KEY ("updated_by_id") REFERENCES "admin_users" ("id") ON DELETE SET NULL);
CREATE TABLE IF NOT EXISTS "strapi_api_token_permissions" ("id" SERIAL PRIMARY KEY NOT NULL, "document_id" varchar(255) NULL, "action" varchar(255) NULL, "created_at" TIMESTAMP NULL, "updated_at" TIMESTAMP NULL, "published_at" TIMESTAMP NULL, "created_by_id" integer NULL, "updated_by_id" integer NULL, "locale" varchar(255) NULL, CONSTRAINT "strapi_api_token_permissions_created_by_id_fk" FOREIGN KEY ("created_by_id") REFERENCES "admin_users" ("id") ON DELETE SET NULL, CONSTRAINT "strapi_api_token_permissions_updated_by_id_fk" FOREIGN KEY ("updated_by_id") REFERENCES "admin_users" ("id") ON DELETE SET NULL, CONSTRAINT "strapi_api_token_permissions_created_by_id_fk" FOREIGN KEY ("created_by_id") REFERENCES "admin_users" ("id") ON DELETE SET NULL, CONSTRAINT "strapi_api_token_permissions_updated_by_id_fk" FOREIGN KEY ("updated_by_id") REFERENCES "admin_users" ("id") ON DELETE SET NULL);
CREATE TABLE IF NOT EXISTS "strapi_api_token_permissions_token_lnk" ("id" SERIAL PRIMARY KEY NOT NULL, "api_token_permission_id" integer NULL, "api_token_id" integer NULL, "api_token_permission_ord" float NULL, CONSTRAINT "strapi_api_token_permissions_token_lnk_fk" FOREIGN KEY ("api_token_permission_id") REFERENCES "strapi_api_token_permissions" ("id") ON DELETE CASCADE, CONSTRAINT "strapi_api_token_permissions_token_lnk_ifk" FOREIGN KEY ("api_token_id") REFERENCES "strapi_api_tokens" ("id") ON DELETE CASCADE, CONSTRAINT "strapi_api_token_permissions_token_lnk_fk" FOREIGN KEY ("api_token_permission_id") REFERENCES "strapi_api_token_permissions" ("id") ON DELETE CASCADE, CONSTRAINT "strapi_api_token_permissions_token_lnk_ifk" FOREIGN KEY ("api_token_id") REFERENCES "strapi_api_tokens" ("id") ON DELETE CASCADE);
CREATE TABLE IF NOT EXISTS "strapi_api_tokens" ("id" SERIAL PRIMARY KEY NOT NULL, "document_id" varchar(255) NULL, "name" varchar(255) NULL, "description" varchar(255) NULL, "type" varchar(255) NULL, "access_key" varchar(255) NULL, "last_used_at" TIMESTAMP NULL, "expires_at" TIMESTAMP NULL, "lifespan" bigint NULL, "created_at" TIMESTAMP NULL, "updated_at" TIMESTAMP NULL, "published_at" TIMESTAMP NULL, "created_by_id" integer NULL, "updated_by_id" integer NULL, "locale" varchar(255) NULL, CONSTRAINT "strapi_api_tokens_created_by_id_fk" FOREIGN KEY ("created_by_id") REFERENCES "admin_users" ("id") ON DELETE SET NULL, CONSTRAINT "strapi_api_tokens_updated_by_id_fk" FOREIGN KEY ("updated_by_id") REFERENCES "admin_users" ("id") ON DELETE SET NULL, CONSTRAINT "strapi_api_tokens_created_by_id_fk" FOREIGN KEY ("created_by_id") REFERENCES "admin_users" ("id") ON DELETE SET NULL, CONSTRAINT "strapi_api_tokens_updated_by_id_fk" FOREIGN KEY ("updated_by_id") REFERENCES "admin_users" ("id") ON DELETE SET NULL);
CREATE TABLE IF NOT EXISTS "strapi_core_store_settings" ("id" SERIAL PRIMARY KEY NOT NULL, "key" varchar(255) null, "value" text null, "type" varchar(255) null, "environment" varchar(255) null, "tag" varchar(255) null);
CREATE TABLE IF NOT EXISTS "strapi_database_schema" ("id" SERIAL PRIMARY KEY NOT NULL, "schema" JSONB, "time" TIMESTAMP, "hash" varchar(255));
CREATE TABLE IF NOT EXISTS "strapi_history_versions" ("id" SERIAL PRIMARY KEY NOT NULL, "content_type" varchar(255) NOT NULL, "related_document_id" varchar(255) NULL, "locale" varchar(255) NULL, "status" varchar(255) NULL, "data" JSONB NULL, "schema" JSONB NULL, "created_at" TIMESTAMP NULL, "created_by_id" integer NULL, CONSTRAINT "strapi_history_versions_created_by_id_fk" FOREIGN KEY ("created_by_id") REFERENCES "admin_users" ("id") ON DELETE SET NULL, CONSTRAINT "strapi_history_versions_created_by_id_fk" FOREIGN KEY ("created_by_id") REFERENCES "admin_users" ("id") ON DELETE SET NULL);
CREATE TABLE IF NOT EXISTS "strapi_migrations" ("id" SERIAL PRIMARY KEY NOT NULL, "name" varchar(255), "time" TIMESTAMP);
CREATE TABLE IF NOT EXISTS "strapi_migrations_internal" ("id" SERIAL PRIMARY KEY NOT NULL, "name" varchar(255), "time" TIMESTAMP);
CREATE TABLE IF NOT EXISTS "strapi_release_actions" ("id" SERIAL PRIMARY KEY NOT NULL, "document_id" varchar(255) NULL, "type" varchar(255) NULL, "content_type" varchar(255) NULL, "entry_document_id" varchar(255) NULL, "locale" varchar(255) NULL, "is_entry_valid" boolean NULL, "created_at" TIMESTAMP NULL, "updated_at" TIMESTAMP NULL, "published_at" TIMESTAMP NULL, "created_by_id" integer NULL, "updated_by_id" integer NULL, CONSTRAINT "strapi_release_actions_created_by_id_fk" FOREIGN KEY ("created_by_id") REFERENCES "admin_users" ("id") ON DELETE SET NULL, CONSTRAINT "strapi_release_actions_updated_by_id_fk" FOREIGN KEY ("updated_by_id") REFERENCES "admin_users" ("id") ON DELETE SET NULL, CONSTRAINT "strapi_release_actions_created_by_id_fk" FOREIGN KEY ("created_by_id") REFERENCES "admin_users" ("id") ON DELETE SET NULL, CONSTRAINT "strapi_release_actions_updated_by_id_fk" FOREIGN KEY ("updated_by_id") REFERENCES "admin_users" ("id") ON DELETE SET NULL);
CREATE TABLE IF NOT EXISTS "strapi_release_actions_release_lnk" ("id" SERIAL PRIMARY KEY NOT NULL, "release_action_id" integer NULL, "release_id" integer NULL, "release_action_ord" float NULL, CONSTRAINT "strapi_release_actions_release_lnk_fk" FOREIGN KEY ("release_action_id") REFERENCES "strapi_release_actions" ("id") ON DELETE CASCADE, CONSTRAINT "strapi_release_actions_release_lnk_ifk" FOREIGN KEY ("release_id") REFERENCES "strapi_releases" ("id") ON DELETE CASCADE, CONSTRAINT "strapi_release_actions_release_lnk_fk" FOREIGN KEY ("release_action_id") REFERENCES "strapi_release_actions" ("id") ON DELETE CASCADE, CONSTRAINT "strapi_release_actions_release_lnk_ifk" FOREIGN KEY ("release_id") REFERENCES "strapi_releases" ("id") ON DELETE CASCADE);
CREATE TABLE IF NOT EXISTS "strapi_releases" ("id" SERIAL PRIMARY KEY NOT NULL, "document_id" varchar(255) NULL, "name" varchar(255) NULL, "released_at" TIMESTAMP NULL, "scheduled_at" TIMESTAMP NULL, "timezone" varchar(255) NULL, "status" varchar(255) NULL, "created_at" TIMESTAMP NULL, "updated_at" TIMESTAMP NULL, "published_at" TIMESTAMP NULL, "created_by_id" integer NULL, "updated_by_id" integer NULL, "locale" varchar(255) NULL, CONSTRAINT "strapi_releases_created_by_id_fk" FOREIGN KEY ("created_by_id") REFERENCES "admin_users" ("id") ON DELETE SET NULL, CONSTRAINT "strapi_releases_updated_by_id_fk" FOREIGN KEY ("updated_by_id") REFERENCES "admin_users" ("id") ON DELETE SET NULL, CONSTRAINT "strapi_releases_created_by_id_fk" FOREIGN KEY ("created_by_id") REFERENCES "admin_users" ("id") ON DELETE SET NULL, CONSTRAINT "strapi_releases_updated_by_id_fk" FOREIGN KEY ("updated_by_id") REFERENCES "admin_users" ("id") ON DELETE SET NULL);
CREATE TABLE IF NOT EXISTS "strapi_transfer_token_permissions" ("id" SERIAL PRIMARY KEY NOT NULL, "document_id" varchar(255) NULL, "action" varchar(255) NULL, "created_at" TIMESTAMP NULL, "updated_at" TIMESTAMP NULL, "published_at" TIMESTAMP NULL, "created_by_id" integer NULL, "updated_by_id" integer NULL, "locale" varchar(255) NULL, CONSTRAINT "strapi_transfer_token_permissions_created_by_id_fk" FOREIGN KEY ("created_by_id") REFERENCES "admin_users" ("id") ON DELETE SET NULL, CONSTRAINT "strapi_transfer_token_permissions_updated_by_id_fk" FOREIGN KEY ("updated_by_id") REFERENCES "admin_users" ("id") ON DELETE SET NULL, CONSTRAINT "strapi_transfer_token_permissions_created_by_id_fk" FOREIGN KEY ("created_by_id") REFERENCES "admin_users" ("id") ON DELETE SET NULL, CONSTRAINT "strapi_transfer_token_permissions_updated_by_id_fk" FOREIGN KEY ("updated_by_id") REFERENCES "admin_users" ("id") ON DELETE SET NULL);
CREATE TABLE IF NOT EXISTS "strapi_transfer_token_permissions_token_lnk" ("id" SERIAL PRIMARY KEY NOT NULL, "transfer_token_permission_id" integer NULL, "transfer_token_id" integer NULL, "transfer_token_permission_ord" float NULL, CONSTRAINT "strapi_transfer_token_permissions_token_lnk_fk" FOREIGN KEY ("transfer_token_permission_id") REFERENCES "strapi_transfer_token_permissions" ("id") ON DELETE CASCADE, CONSTRAINT "strapi_transfer_token_permissions_token_lnk_ifk" FOREIGN KEY ("transfer_token_id") REFERENCES "strapi_transfer_tokens" ("id") ON DELETE CASCADE, CONSTRAINT "strapi_transfer_token_permissions_token_lnk_fk" FOREIGN KEY ("transfer_token_permission_id") REFERENCES "strapi_transfer_token_permissions" ("id") ON DELETE CASCADE, CONSTRAINT "strapi_transfer_token_permissions_token_lnk_ifk" FOREIGN KEY ("transfer_token_id") REFERENCES "strapi_transfer_tokens" ("id") ON DELETE CASCADE);
CREATE TABLE IF NOT EXISTS "strapi_transfer_tokens" ("id" SERIAL PRIMARY KEY NOT NULL, "document_id" varchar(255) NULL, "name" varchar(255) NULL, "description" varchar(255) NULL, "access_key" varchar(255) NULL, "last_used_at" TIMESTAMP NULL, "expires_at" TIMESTAMP NULL, "lifespan" bigint NULL, "created_at" TIMESTAMP NULL, "updated_at" TIMESTAMP NULL, "published_at" TIMESTAMP NULL, "created_by_id" integer NULL, "updated_by_id" integer NULL, "locale" varchar(255) NULL, CONSTRAINT "strapi_transfer_tokens_created_by_id_fk" FOREIGN KEY ("created_by_id") REFERENCES "admin_users" ("id") ON DELETE SET NULL, CONSTRAINT "strapi_transfer_tokens_updated_by_id_fk" FOREIGN KEY ("updated_by_id") REFERENCES "admin_users" ("id") ON DELETE SET NULL, CONSTRAINT "strapi_transfer_tokens_created_by_id_fk" FOREIGN KEY ("created_by_id") REFERENCES "admin_users" ("id") ON DELETE SET NULL, CONSTRAINT "strapi_transfer_tokens_updated_by_id_fk" FOREIGN KEY ("updated_by_id") REFERENCES "admin_users" ("id") ON DELETE SET NULL);
CREATE TABLE IF NOT EXISTS "strapi_webhooks" ("id" SERIAL PRIMARY KEY NOT NULL, "name" varchar(255) null, "url" text null, "headers" JSONB null, "events" JSONB null, "enabled" boolean null);
CREATE TABLE IF NOT EXISTS "strapi_workflows" ("id" SERIAL PRIMARY KEY NOT NULL, "document_id" varchar(255) NULL, "name" varchar(255) NULL, "content_types" JSONB NULL, "created_at" TIMESTAMP NULL, "updated_at" TIMESTAMP NULL, "published_at" TIMESTAMP NULL, "created_by_id" integer NULL, "updated_by_id" integer NULL, "locale" varchar(255) NULL, CONSTRAINT "strapi_workflows_created_by_id_fk" FOREIGN KEY ("created_by_id") REFERENCES "admin_users" ("id") ON DELETE SET NULL, CONSTRAINT "strapi_workflows_updated_by_id_fk" FOREIGN KEY ("updated_by_id") REFERENCES "admin_users" ("id") ON DELETE SET NULL, CONSTRAINT "strapi_workflows_created_by_id_fk" FOREIGN KEY ("created_by_id") REFERENCES "admin_users" ("id") ON DELETE SET NULL, CONSTRAINT "strapi_workflows_updated_by_id_fk" FOREIGN KEY ("updated_by_id") REFERENCES "admin_users" ("id") ON DELETE SET NULL);
CREATE TABLE IF NOT EXISTS "strapi_workflows_stage_required_to_publish_lnk" ("id" SERIAL PRIMARY KEY NOT NULL, "workflow_id" integer NULL, "workflow_stage_id" integer NULL, CONSTRAINT "strapi_workflows_stage_required_to_publish_lnk_fk" FOREIGN KEY ("workflow_id") REFERENCES "strapi_workflows" ("id") ON DELETE CASCADE, CONSTRAINT "strapi_workflows_stage_required_to_publish_lnk_ifk" FOREIGN KEY ("workflow_stage_id") REFERENCES "strapi_workflows_stages" ("id") ON DELETE CASCADE, CONSTRAINT "strapi_workflows_stage_required_to_publish_lnk_fk" FOREIGN KEY ("workflow_id") REFERENCES "strapi_workflows" ("id") ON DELETE CASCADE, CONSTRAINT "strapi_workflows_stage_required_to_publish_lnk_ifk" FOREIGN KEY ("workflow_stage_id") REFERENCES "strapi_workflows_stages" ("id") ON DELETE CASCADE);
CREATE TABLE IF NOT EXISTS "strapi_workflows_stages" ("id" SERIAL PRIMARY KEY NOT NULL, "document_id" varchar(255) NULL, "name" varchar(255) NULL, "color" varchar(255) NULL, "created_at" TIMESTAMP NULL, "updated_at" TIMESTAMP NULL, "published_at" TIMESTAMP NULL, "created_by_id" integer NULL, "updated_by_id" integer NULL, "locale" varchar(255) NULL, CONSTRAINT "strapi_workflows_stages_created_by_id_fk" FOREIGN KEY ("created_by_id") REFERENCES "admin_users" ("id") ON DELETE SET NULL, CONSTRAINT "strapi_workflows_stages_updated_by_id_fk" FOREIGN KEY ("updated_by_id") REFERENCES "admin_users" ("id") ON DELETE SET NULL, CONSTRAINT "strapi_workflows_stages_created_by_id_fk" FOREIGN KEY ("created_by_id") REFERENCES "admin_users" ("id") ON DELETE SET NULL, CONSTRAINT "strapi_workflows_stages_updated_by_id_fk" FOREIGN KEY ("updated_by_id") REFERENCES "admin_users" ("id") ON DELETE SET NULL);
CREATE TABLE IF NOT EXISTS "strapi_workflows_stages_permissions_lnk" ("id" SERIAL PRIMARY KEY NOT NULL, "workflow_stage_id" integer NULL, "permission_id" integer NULL, "permission_ord" float NULL, CONSTRAINT "strapi_workflows_stages_permissions_lnk_fk" FOREIGN KEY ("workflow_stage_id") REFERENCES "strapi_workflows_stages" ("id") ON DELETE CASCADE, CONSTRAINT "strapi_workflows_stages_permissions_lnk_ifk" FOREIGN KEY ("permission_id") REFERENCES "admin_permissions" ("id") ON DELETE CASCADE, CONSTRAINT "strapi_workflows_stages_permissions_lnk_fk" FOREIGN KEY ("workflow_stage_id") REFERENCES "strapi_workflows_stages" ("id") ON DELETE CASCADE, CONSTRAINT "strapi_workflows_stages_permissions_lnk_ifk" FOREIGN KEY ("permission_id") REFERENCES "admin_permissions" ("id") ON DELETE CASCADE);
CREATE TABLE IF NOT EXISTS "strapi_workflows_stages_workflow_lnk" ("id" SERIAL PRIMARY KEY NOT NULL, "workflow_stage_id" integer NULL, "workflow_id" integer NULL, "workflow_stage_ord" float NULL, CONSTRAINT "strapi_workflows_stages_workflow_lnk_fk" FOREIGN KEY ("workflow_stage_id") REFERENCES "strapi_workflows_stages" ("id") ON DELETE CASCADE, CONSTRAINT "strapi_workflows_stages_workflow_lnk_ifk" FOREIGN KEY ("workflow_id") REFERENCES "strapi_workflows" ("id") ON DELETE CASCADE, CONSTRAINT "strapi_workflows_stages_workflow_lnk_fk" FOREIGN KEY ("workflow_stage_id") REFERENCES "strapi_workflows_stages" ("id") ON DELETE CASCADE, CONSTRAINT "strapi_workflows_stages_workflow_lnk_ifk" FOREIGN KEY ("workflow_id") REFERENCES "strapi_workflows" ("id") ON DELETE CASCADE);
CREATE TABLE IF NOT EXISTS "up_permissions" ("id" SERIAL PRIMARY KEY NOT NULL, "document_id" varchar(255) NULL, "action" varchar(255) NULL, "created_at" TIMESTAMP NULL, "updated_at" TIMESTAMP NULL, "published_at" TIMESTAMP NULL, "created_by_id" integer NULL, "updated_by_id" integer NULL, "locale" varchar(255) NULL, CONSTRAINT "up_permissions_created_by_id_fk" FOREIGN KEY ("created_by_id") REFERENCES "admin_users" ("id") ON DELETE SET NULL, CONSTRAINT "up_permissions_updated_by_id_fk" FOREIGN KEY ("updated_by_id") REFERENCES "admin_users" ("id") ON DELETE SET NULL, CONSTRAINT "up_permissions_created_by_id_fk" FOREIGN KEY ("created_by_id") REFERENCES "admin_users" ("id") ON DELETE SET NULL, CONSTRAINT "up_permissions_updated_by_id_fk" FOREIGN KEY ("updated_by_id") REFERENCES "admin_users" ("id") ON DELETE SET NULL);
CREATE TABLE IF NOT EXISTS "up_permissions_role_lnk" ("id" SERIAL PRIMARY KEY NOT NULL, "permission_id" integer NULL, "role_id" integer NULL, "permission_ord" float NULL, CONSTRAINT "up_permissions_role_lnk_fk" FOREIGN KEY ("permission_id") REFERENCES "up_permissions" ("id") ON DELETE CASCADE, CONSTRAINT "up_permissions_role_lnk_ifk" FOREIGN KEY ("role_id") REFERENCES "up_roles" ("id") ON DELETE CASCADE, CONSTRAINT "up_permissions_role_lnk_fk" FOREIGN KEY ("permission_id") REFERENCES "up_permissions" ("id") ON DELETE CASCADE, CONSTRAINT "up_permissions_role_lnk_ifk" FOREIGN KEY ("role_id") REFERENCES "up_roles" ("id") ON DELETE CASCADE);
CREATE TABLE IF NOT EXISTS "up_roles" ("id" SERIAL PRIMARY KEY NOT NULL, "document_id" varchar(255) NULL, "name" varchar(255) NULL, "description" varchar(255) NULL, "type" varchar(255) NULL, "created_at" TIMESTAMP NULL, "updated_at" TIMESTAMP NULL, "published_at" TIMESTAMP NULL, "created_by_id" integer NULL, "updated_by_id" integer NULL, "locale" varchar(255) NULL, CONSTRAINT "up_roles_created_by_id_fk" FOREIGN KEY ("created_by_id") REFERENCES "admin_users" ("id") ON DELETE SET NULL, CONSTRAINT "up_roles_updated_by_id_fk" FOREIGN KEY ("updated_by_id") REFERENCES "admin_users" ("id") ON DELETE SET NULL, CONSTRAINT "up_roles_created_by_id_fk" FOREIGN KEY ("created_by_id") REFERENCES "admin_users" ("id") ON DELETE SET NULL, CONSTRAINT "up_roles_updated_by_id_fk" FOREIGN KEY ("updated_by_id") REFERENCES "admin_users" ("id") ON DELETE SET NULL);
CREATE TABLE IF NOT EXISTS "up_users" ("id" SERIAL PRIMARY KEY NOT NULL, "document_id" varchar(255) NULL, "username" varchar(255) NULL, "email" varchar(255) NULL, "provider" varchar(255) NULL, "password" varchar(255) NULL, "reset_password_token" varchar(255) NULL, "confirmation_token" varchar(255) NULL, "confirmed" boolean NULL, "blocked" boolean NULL, "created_at" TIMESTAMP NULL, "updated_at" TIMESTAMP NULL, "published_at" TIMESTAMP NULL, "created_by_id" integer NULL, "updated_by_id" integer NULL, "locale" varchar(255) NULL, CONSTRAINT "up_users_created_by_id_fk" FOREIGN KEY ("created_by_id") REFERENCES "admin_users" ("id") ON DELETE SET NULL, CONSTRAINT "up_users_updated_by_id_fk" FOREIGN KEY ("updated_by_id") REFERENCES "admin_users" ("id") ON DELETE SET NULL, CONSTRAINT "up_users_created_by_id_fk" FOREIGN KEY ("created_by_id") REFERENCES "admin_users" ("id") ON DELETE SET NULL, CONSTRAINT "up_users_updated_by_id_fk" FOREIGN KEY ("updated_by_id") REFERENCES "admin_users" ("id") ON DELETE SET NULL);
CREATE TABLE IF NOT EXISTS "up_users_role_lnk" ("id" SERIAL PRIMARY KEY NOT NULL, "user_id" integer NULL, "role_id" integer NULL, "user_ord" float NULL, CONSTRAINT "up_users_role_lnk_fk" FOREIGN KEY ("user_id") REFERENCES "up_users" ("id") ON DELETE CASCADE, CONSTRAINT "up_users_role_lnk_ifk" FOREIGN KEY ("role_id") REFERENCES "up_roles" ("id") ON DELETE CASCADE, CONSTRAINT "up_users_role_lnk_fk" FOREIGN KEY ("user_id") REFERENCES "up_users" ("id") ON DELETE CASCADE, CONSTRAINT "up_users_role_lnk_ifk" FOREIGN KEY ("role_id") REFERENCES "up_roles" ("id") ON DELETE CASCADE);
CREATE TABLE IF NOT EXISTS "upload_folders" ("id" SERIAL PRIMARY KEY NOT NULL, "document_id" varchar(255) NULL, "name" varchar(255) NULL, "path_id" integer NULL, "path" varchar(255) NULL, "created_at" TIMESTAMP NULL, "updated_at" TIMESTAMP NULL, "published_at" TIMESTAMP NULL, "created_by_id" integer NULL, "updated_by_id" integer NULL, "locale" varchar(255) NULL, CONSTRAINT "upload_folders_created_by_id_fk" FOREIGN KEY ("created_by_id") REFERENCES "admin_users" ("id") ON DELETE SET NULL, CONSTRAINT "upload_folders_updated_by_id_fk" FOREIGN KEY ("updated_by_id") REFERENCES "admin_users" ("id") ON DELETE SET NULL, CONSTRAINT "upload_folders_created_by_id_fk" FOREIGN KEY ("created_by_id") REFERENCES "admin_users" ("id") ON DELETE SET NULL, CONSTRAINT "upload_folders_updated_by_id_fk" FOREIGN KEY ("updated_by_id") REFERENCES "admin_users" ("id") ON DELETE SET NULL);
CREATE TABLE IF NOT EXISTS "upload_folders_parent_lnk" ("id" SERIAL PRIMARY KEY NOT NULL, "folder_id" integer NULL, "inv_folder_id" integer NULL, "folder_ord" float NULL, CONSTRAINT "upload_folders_parent_lnk_fk" FOREIGN KEY ("folder_id") REFERENCES "upload_folders" ("id") ON DELETE CASCADE, CONSTRAINT "upload_folders_parent_lnk_ifk" FOREIGN KEY ("inv_folder_id") REFERENCES "upload_folders" ("id") ON DELETE CASCADE, CONSTRAINT "upload_folders_parent_lnk_fk" FOREIGN KEY ("folder_id") REFERENCES "upload_folders" ("id") ON DELETE CASCADE, CONSTRAINT "upload_folders_parent_lnk_ifk" FOREIGN KEY ("inv_folder_id") REFERENCES "upload_folders" ("id") ON DELETE CASCADE);

INSERT INTO "admin_permissions" ("id","document_id","action","action_parameters","subject","properties","conditions","created_at","updated_at","published_at","created_by_id","updated_by_id","locale") VALUES (1,'qi9mhnp231tj06kg6ittoxi2','plugin::upload.read','{}',NULL,'{}','[]',1743040244517,1743040244517,1743040244517,NULL,NULL,NULL),
 (2,'gc5swk84xvmj3qjj869z1w9c','plugin::upload.configure-view','{}',NULL,'{}','[]',1743040244540,1743040244540,1743040244540,NULL,NULL,NULL),
 (3,'foxqk59ln2vy543y7axtq0u3','plugin::upload.assets.create','{}',NULL,'{}','[]',1743040244561,1743040244561,1743040244561,NULL,NULL,NULL),
 (4,'pb4erl93mn696vh5yqgplo9l','plugin::upload.assets.update','{}',NULL,'{}','[]',1743040244581,1743040244581,1743040244581,NULL,NULL,NULL),
 (5,'ks166st5nd81l9g2qku6eclx','plugin::upload.assets.download','{}',NULL,'{}','[]',1743040244602,1743040244602,1743040244602,NULL,NULL,NULL),
 (6,'ngw0x1130aiyuokv842ew23z','plugin::upload.assets.copy-link','{}',NULL,'{}','[]',1743040244622,1743040244622,1743040244622,NULL,NULL,NULL),
 (7,'mfp1orptyox6rmsywke2a5ij','plugin::upload.read','{}',NULL,'{}','["admin::is-creator"]',1743040244643,1743040244643,1743040244643,NULL,NULL,NULL),
 (8,'frzgu6cvpvrixhh5745mrxgo','plugin::upload.configure-view','{}',NULL,'{}','[]',1743040244662,1743040244662,1743040244662,NULL,NULL,NULL),
 (9,'vw33q3xfyecu95q4ztf27g0p','plugin::upload.assets.create','{}',NULL,'{}','[]',1743040244683,1743040244683,1743040244683,NULL,NULL,NULL),
 (10,'fryu4883nypn5xmmpx3kvo6t','plugin::upload.assets.update','{}',NULL,'{}','["admin::is-creator"]',1743040244704,1743040244704,1743040244704,NULL,NULL,NULL),
 (11,'c8fsa1s6sj6t2el8der95wmg','plugin::upload.assets.download','{}',NULL,'{}','[]',1743040244725,1743040244725,1743040244725,NULL,NULL,NULL),
 (12,'bkfpw6o6vh8j7eyzbkl67xfd','plugin::upload.assets.copy-link','{}',NULL,'{}','[]',1743040244745,1743040244745,1743040244745,NULL,NULL,NULL),
 (13,'d2pgsi19vltsw8qqmbw7it12','plugin::content-manager.explorer.create','{}','plugin::users-permissions.user','{"fields":["username","email","provider","password","resetPasswordToken","confirmationToken","confirmed","blocked","role"]}','[]',1743040244773,1743040244773,1743040244773,NULL,NULL,NULL),
 (14,'fmqwdhe0ucmjl7kty56ktxro','plugin::content-manager.explorer.read','{}','plugin::users-permissions.user','{"fields":["username","email","provider","password","resetPasswordToken","confirmationToken","confirmed","blocked","role"]}','[]',1743040244796,1743040244796,1743040244796,NULL,NULL,NULL),
 (15,'umoev6qk69iwstwafxna773f','plugin::content-manager.explorer.update','{}','plugin::users-permissions.user','{"fields":["username","email","provider","password","resetPasswordToken","confirmationToken","confirmed","blocked","role"]}','[]',1743040244816,1743040244816,1743040244816,NULL,NULL,NULL),
 (16,'ez07g8wtmbicf7cd28mb4vnk','plugin::content-manager.explorer.delete','{}','plugin::users-permissions.user','{}','[]',1743040244836,1743040244836,1743040244836,NULL,NULL,NULL),
 (17,'fwv299s74qzuk0683hc9rfmw','plugin::content-manager.explorer.publish','{}','plugin::users-permissions.user','{}','[]',1743040244856,1743040244856,1743040244857,NULL,NULL,NULL),
 (18,'j6rycbg6f2hk48fp6euzdfwh','plugin::content-manager.single-types.configure-view','{}',NULL,'{}','[]',1743040244877,1743040244877,1743040244877,NULL,NULL,NULL),
 (19,'lkdyt7wy8dpcmujutqebtubm','plugin::content-manager.collection-types.configure-view','{}',NULL,'{}','[]',1743040244898,1743040244898,1743040244898,NULL,NULL,NULL),
 (20,'issm27l6y3vhxbfm9y62qiv3','plugin::content-manager.components.configure-layout','{}',NULL,'{}','[]',1743040244917,1743040244917,1743040244917,NULL,NULL,NULL),
 (21,'dl8kxy37weh5a4bc5ijytkv1','plugin::content-type-builder.read','{}',NULL,'{}','[]',1743040244937,1743040244937,1743040244937,NULL,NULL,NULL),
 (22,'um2j9r9rc1wp3qqsfzfjnaft','plugin::email.settings.read','{}',NULL,'{}','[]',1743040244957,1743040244957,1743040244957,NULL,NULL,NULL),
 (23,'lfyw9xd2frqlqeu06uvusgij','plugin::upload.read','{}',NULL,'{}','[]',1743040244977,1743040244977,1743040244978,NULL,NULL,NULL),
 (24,'zi0w1zqvxraooqygpjc4s34n','plugin::upload.assets.create','{}',NULL,'{}','[]',1743040244997,1743040244997,1743040244997,NULL,NULL,NULL),
 (25,'rexmjxf2p2gy4cc3cbyz947p','plugin::upload.assets.update','{}',NULL,'{}','[]',1743040245017,1743040245017,1743040245018,NULL,NULL,NULL),
 (26,'kqqu6645gwev3a2z8ezo8hfv','plugin::upload.assets.download','{}',NULL,'{}','[]',1743040245084,1743040245084,1743040245084,NULL,NULL,NULL),
 (27,'vhfw15zrfw2kmzzvbxy2k3xa','plugin::upload.assets.copy-link','{}',NULL,'{}','[]',1743040245104,1743040245104,1743040245104,NULL,NULL,NULL),
 (28,'l9gcfdwm0dj25qp3mltgvs4k','plugin::upload.configure-view','{}',NULL,'{}','[]',1743040245124,1743040245124,1743040245124,NULL,NULL,NULL),
 (29,'u6b3oansn1mkyi5ibsxkhfuc','plugin::upload.settings.read','{}',NULL,'{}','[]',1743040245146,1743040245146,1743040245146,NULL,NULL,NULL),
 (30,'tv3i2swp8yzkyz4rrrkf8hf2','plugin::i18n.locale.create','{}',NULL,'{}','[]',1743040245167,1743040245167,1743040245167,NULL,NULL,NULL),
 (31,'pyc4qndqcz56lhd5vxvaywd2','plugin::i18n.locale.read','{}',NULL,'{}','[]',1743040245187,1743040245187,1743040245187,NULL,NULL,NULL),
 (32,'gkk93cc0g5uf310eeslb1j2w','plugin::i18n.locale.update','{}',NULL,'{}','[]',1743040245208,1743040245208,1743040245208,NULL,NULL,NULL),
 (33,'avo2eit9y8rxtq7jqp4w4ofw','plugin::i18n.locale.delete','{}',NULL,'{}','[]',1743040245228,1743040245228,1743040245228,NULL,NULL,NULL),
 (34,'ig4alb96czyrk8vo6rkfuwn9','plugin::users-permissions.roles.create','{}',NULL,'{}','[]',1743040245248,1743040245248,1743040245248,NULL,NULL,NULL),
 (35,'dzer6v5l9ugq6ycn7wiork83','plugin::users-permissions.roles.read','{}',NULL,'{}','[]',1743040245268,1743040245268,1743040245268,NULL,NULL,NULL),
 (36,'b3a4l98tekh752l8l4rhrx9f','plugin::users-permissions.roles.update','{}',NULL,'{}','[]',1743040245288,1743040245288,1743040245288,NULL,NULL,NULL),
 (37,'v62ftwe509l71ota5tzrsj1d','plugin::users-permissions.roles.delete','{}',NULL,'{}','[]',1743040245316,1743040245316,1743040245316,NULL,NULL,NULL),
 (38,'k5vqquqi3t21ojwd7c2ytleu','plugin::users-permissions.providers.read','{}',NULL,'{}','[]',1743040245341,1743040245341,1743040245341,NULL,NULL,NULL),
 (39,'hww9m6q2zydi4m9o26de1k3z','plugin::users-permissions.providers.update','{}',NULL,'{}','[]',1743040245361,1743040245361,1743040245362,NULL,NULL,NULL),
 (40,'zp669miw856q65p7dd9uxux1','plugin::users-permissions.email-templates.read','{}',NULL,'{}','[]',1743040245382,1743040245382,1743040245382,NULL,NULL,NULL),
 (41,'ec7foavsyv6fca55zqs7an65','plugin::users-permissions.email-templates.update','{}',NULL,'{}','[]',1743040245401,1743040245401,1743040245401,NULL,NULL,NULL),
 (42,'bovotnvzu51ooyb34qbma8tv','plugin::users-permissions.advanced-settings.read','{}',NULL,'{}','[]',1743040245421,1743040245421,1743040245422,NULL,NULL,NULL),
 (43,'z1lyo860up4ng5it86ut4e83','plugin::users-permissions.advanced-settings.update','{}',NULL,'{}','[]',1743040245447,1743040245447,1743040245447,NULL,NULL,NULL),
 (44,'l3h5jb5f987yl0d4tarl02fx','admin::marketplace.read','{}',NULL,'{}','[]',1743040245468,1743040245468,1743040245468,NULL,NULL,NULL),
 (45,'ke2dccbkho7eoayjn7ngggva','admin::webhooks.create','{}',NULL,'{}','[]',1743040245488,1743040245488,1743040245488,NULL,NULL,NULL),
 (46,'t8w2x1zhwnwbejrn09gsedex','admin::webhooks.read','{}',NULL,'{}','[]',1743040245509,1743040245509,1743040245509,NULL,NULL,NULL),
 (47,'hkmsd5imneqsw1lmb9gne1st','admin::webhooks.update','{}',NULL,'{}','[]',1743040245530,1743040245530,1743040245530,NULL,NULL,NULL),
 (48,'nfseaazmllayb3vvgcwcet6n','admin::webhooks.delete','{}',NULL,'{}','[]',1743040245552,1743040245552,1743040245552,NULL,NULL,NULL),
 (49,'vi24w18fvbj6dzs7qiz7r3u0','admin::users.create','{}',NULL,'{}','[]',1743040245573,1743040245573,1743040245573,NULL,NULL,NULL),
 (50,'gom9k2dqvc8eul2tnwruhb9b','admin::users.read','{}',NULL,'{}','[]',1743040245593,1743040245593,1743040245593,NULL,NULL,NULL),
 (51,'v9aigr58jceq0w96vl88qy1v','admin::users.update','{}',NULL,'{}','[]',1743040245616,1743040245616,1743040245616,NULL,NULL,NULL),
 (52,'epey57kzc33s3haw02xgx66c','admin::users.delete','{}',NULL,'{}','[]',1743040245636,1743040245636,1743040245636,NULL,NULL,NULL),
 (53,'nx5sdviy8ifzdp5kdgvxgn8s','admin::roles.create','{}',NULL,'{}','[]',1743040245658,1743040245658,1743040245658,NULL,NULL,NULL),
 (54,'wy6xnggugzsdwjwubrjv120t','admin::roles.read','{}',NULL,'{}','[]',1743040245677,1743040245677,1743040245678,NULL,NULL,NULL),
 (55,'jzrx391bx1w49kgvhoj4n81h','admin::roles.update','{}',NULL,'{}','[]',1743040245697,1743040245697,1743040245698,NULL,NULL,NULL),
 (56,'ymuiggi1a21egqzirm2mjn45','admin::roles.delete','{}',NULL,'{}','[]',1743040245717,1743040245717,1743040245717,NULL,NULL,NULL),
 (57,'t73mc1kv0p5w6g9jffhabuko','admin::api-tokens.access','{}',NULL,'{}','[]',1743040245738,1743040245738,1743040245739,NULL,NULL,NULL),
 (58,'it8293eys0vomeqfhjmqrpcp','admin::api-tokens.create','{}',NULL,'{}','[]',1743040245761,1743040245761,1743040245761,NULL,NULL,NULL),
 (59,'hq0qn61wuaj6eejtydrkd7pn','admin::api-tokens.read','{}',NULL,'{}','[]',1743040245781,1743040245781,1743040245781,NULL,NULL,NULL),
 (60,'nhjaaw70sbsud4dq6m1xek6s','admin::api-tokens.update','{}',NULL,'{}','[]',1743040245801,1743040245801,1743040245801,NULL,NULL,NULL),
 (61,'u2qti0v5sfd3r42tdbny4rm3','admin::api-tokens.regenerate','{}',NULL,'{}','[]',1743040245821,1743040245821,1743040245822,NULL,NULL,NULL),
 (62,'ta6oqdh05hqwggd2h69ik0x6','admin::api-tokens.delete','{}',NULL,'{}','[]',1743040245841,1743040245841,1743040245841,NULL,NULL,NULL),
 (63,'kvw9xfgd2o8kj39sjtuyxhdh','admin::project-settings.update','{}',NULL,'{}','[]',1743040245861,1743040245861,1743040245861,NULL,NULL,NULL),
 (64,'bcujy9wonnmntwzrgi7r49lx','admin::project-settings.read','{}',NULL,'{}','[]',1743040245881,1743040245881,1743040245881,NULL,NULL,NULL),
 (65,'oes3rmal56dkmufazdfrcmb8','admin::transfer.tokens.access','{}',NULL,'{}','[]',1743040245902,1743040245902,1743040245902,NULL,NULL,NULL),
 (66,'rmlid1wh1cnfwdsrafp2vh3d','admin::transfer.tokens.create','{}',NULL,'{}','[]',1743040245923,1743040245923,1743040245923,NULL,NULL,NULL),
 (67,'nnkqq11bekrar1o8pdsvkqzs','admin::transfer.tokens.read','{}',NULL,'{}','[]',1743040245945,1743040245945,1743040245945,NULL,NULL,NULL),
 (68,'c1haw3vp3tpmdtjdgirv6oyj','admin::transfer.tokens.update','{}',NULL,'{}','[]',1743040245965,1743040245965,1743040245965,NULL,NULL,NULL),
 (69,'kgknf58g3f35o5vr075er3nl','admin::transfer.tokens.regenerate','{}',NULL,'{}','[]',1743040245986,1743040245986,1743040245986,NULL,NULL,NULL),
 (70,'h93x4r9wztnaps0rgtstmsff','admin::transfer.tokens.delete','{}',NULL,'{}','[]',1743040246006,1743040246006,1743040246006,NULL,NULL,NULL);
INSERT INTO "admin_permissions_role_lnk" ("id","permission_id","role_id","permission_ord") VALUES (1,1,2,1.0),
 (2,2,2,2.0),
 (3,3,2,3.0),
 (4,4,2,4.0),
 (5,5,2,5.0),
 (6,6,2,6.0),
 (7,7,3,1.0),
 (8,8,3,2.0),
 (9,9,3,3.0),
 (10,10,3,4.0),
 (11,11,3,5.0),
 (12,12,3,6.0),
 (13,13,1,1.0),
 (14,14,1,2.0),
 (15,15,1,3.0),
 (16,16,1,4.0),
 (17,17,1,5.0),
 (18,18,1,6.0),
 (19,19,1,7.0),
 (20,20,1,8.0),
 (21,21,1,9.0),
 (22,22,1,10.0),
 (23,23,1,11.0),
 (24,24,1,12.0),
 (25,25,1,13.0),
 (26,26,1,14.0),
 (27,27,1,15.0),
 (28,28,1,16.0),
 (29,29,1,17.0),
 (30,30,1,18.0),
 (31,31,1,19.0),
 (32,32,1,20.0),
 (33,33,1,21.0),
 (34,34,1,22.0),
 (35,35,1,23.0),
 (36,36,1,24.0),
 (37,37,1,25.0),
 (38,38,1,26.0),
 (39,39,1,27.0),
 (40,40,1,28.0),
 (41,41,1,29.0),
 (42,42,1,30.0),
 (43,43,1,31.0),
 (44,44,1,32.0),
 (45,45,1,33.0),
 (46,46,1,34.0),
 (47,47,1,35.0),
 (48,48,1,36.0),
 (49,49,1,37.0),
 (50,50,1,38.0),
 (51,51,1,39.0),
 (52,52,1,40.0),
 (53,53,1,41.0),
 (54,54,1,42.0),
 (55,55,1,43.0),
 (56,56,1,44.0),
 (57,57,1,45.0),
 (58,58,1,46.0),
 (59,59,1,47.0),
 (60,60,1,48.0),
 (61,61,1,49.0),
 (62,62,1,50.0),
 (63,63,1,51.0),
 (64,64,1,52.0),
 (65,65,1,53.0),
 (66,66,1,54.0),
 (67,67,1,55.0),
 (68,68,1,56.0),
 (69,69,1,57.0),
 (70,70,1,58.0);
INSERT INTO "admin_roles" ("id","document_id","name","code","description","created_at","updated_at","published_at","created_by_id","updated_by_id","locale") VALUES (1,'d488lv3femcd37ym5nfjuh4l','Super Admin','strapi-super-admin','Super Admins can access and manage all features and settings.',1743040244484,1743040244484,1743040244484,NULL,NULL,NULL),
 (2,'umg18e8w10y8ig0x5k51apj4','Editor','strapi-editor','Editors can manage and publish contents including those of other users.',1743040244495,1743040244495,1743040244496,NULL,NULL,NULL),
 (3,'a9sr4f1a03cpi2vbvtw1x00z','Author','strapi-author','Authors can manage the content they have created.',1743040244506,1743040244506,1743040244506,NULL,NULL,NULL);
INSERT INTO "i18n_locale" ("id","document_id","name","code","created_at","updated_at","published_at","created_by_id","updated_by_id","locale") VALUES (1,'okys4iequ6y5sq4ngkp32dkb','English (en)','en',1743040244193,1743040244193,1743040244193,NULL,NULL,NULL);
INSERT INTO "strapi_api_tokens" ("id","document_id","name","description","type","access_key","last_used_at","expires_at","lifespan","created_at","updated_at","published_at","created_by_id","updated_by_id","locale") VALUES (1,'fof6a3kg6e8c02vbtzf3btm4','Read Only','A default API token with read-only permissions, only used for accessing resources','read-only','3f7b5175bd087b24a4c35e59723a0b047373ac29267c3832f65eed17b2136498b4daeede233529a9a6eda2d54f2da0aaf467b2e6ac3e435e428bc3322713c071',NULL,NULL,NULL,1743040246053,1743040246053,1743040246053,NULL,NULL,NULL),
 (2,'s9ymhzrkfawpk1q6kckcf2rm','Full Access','A default API token with full access permissions, used for accessing or modifying resources','full-access','e21613665a629d07c968818cecd249e81573ed848f4619f36eb3f833ecd2fc77eeec4b3edbc4a9620bb0e2266376bc920570db10c2f790a819e0c44071cb4a49',NULL,NULL,NULL,1743040246065,1743040246065,1743040246065,NULL,NULL,NULL);
INSERT INTO "strapi_core_store_settings" ("id","key","value","type","environment","tag") VALUES (1,'strapi_content_types_schema','{"plugin::upload.file":{"collectionName":"files","info":{"singularName":"file","pluralName":"files","displayName":"File","description":""},"options":{"draftAndPublish":false},"pluginOptions":{"content-manager":{"visible":false},"content-type-builder":{"visible":false}},"attributes":{"name":{"type":"string","configurable":false,"required":true},"alternativeText":{"type":"string","configurable":false},"caption":{"type":"string","configurable":false},"width":{"type":"integer","configurable":false},"height":{"type":"integer","configurable":false},"formats":{"type":"json","configurable":false},"hash":{"type":"string","configurable":false,"required":true},"ext":{"type":"string","configurable":false},"mime":{"type":"string","configurable":false,"required":true},"size":{"type":"decimal","configurable":false,"required":true},"url":{"type":"string","configurable":false,"required":true},"previewUrl":{"type":"string","configurable":false},"provider":{"type":"string","configurable":false,"required":true},"provider_metadata":{"type":"json","configurable":false},"related":{"type":"relation","relation":"morphToMany","configurable":false},"folder":{"type":"relation","relation":"manyToOne","target":"plugin::upload.folder","inversedBy":"files","private":true},"folderPath":{"type":"string","minLength":1,"required":true,"private":true,"searchable":false},"createdAt":{"type":"TIMESTAMP"},"updatedAt":{"type":"TIMESTAMP"},"publishedAt":{"type":"TIMESTAMP","configurable":false,"writable":true,"visible":false},"createdBy":{"type":"relation","relation":"oneToOne","target":"admin::user","configurable":false,"writable":false,"visible":false,"useJoinTable":false,"private":true},"updatedBy":{"type":"relation","relation":"oneToOne","target":"admin::user","configurable":false,"writable":false,"visible":false,"useJoinTable":false,"private":true},"locale":{"writable":true,"private":true,"configurable":false,"visible":false,"type":"string"},"localizations":{"type":"relation","relation":"oneToMany","target":"plugin::upload.file","writable":false,"private":true,"configurable":false,"visible":false,"unstable_virtual":true,"joinColumn":{"name":"document_id","referencedColumn":"document_id","referencedTable":"files"}}},"indexes":[{"name":"upload_files_folder_path_index","columns":["folder_path"],"type":null},{"name":"upload_files_created_at_index","columns":["created_at"],"type":null},{"name":"upload_files_updated_at_index","columns":["updated_at"],"type":null},{"name":"upload_files_name_index","columns":["name"],"type":null},{"name":"upload_files_size_index","columns":["size"],"type":null},{"name":"upload_files_ext_index","columns":["ext"],"type":null}],"plugin":"upload","globalId":"UploadFile","uid":"plugin::upload.file","modelType":"contentType","kind":"collectionType","__schema__":{"collectionName":"files","info":{"singularName":"file","pluralName":"files","displayName":"File","description":""},"options":{},"pluginOptions":{"content-manager":{"visible":false},"content-type-builder":{"visible":false}},"attributes":{"name":{"type":"string","configurable":false,"required":true},"alternativeText":{"type":"string","configurable":false},"caption":{"type":"string","configurable":false},"width":{"type":"integer","configurable":false},"height":{"type":"integer","configurable":false},"formats":{"type":"json","configurable":false},"hash":{"type":"string","configurable":false,"required":true},"ext":{"type":"string","configurable":false},"mime":{"type":"string","configurable":false,"required":true},"size":{"type":"decimal","configurable":false,"required":true},"url":{"type":"string","configurable":false,"required":true},"previewUrl":{"type":"string","configurable":false},"provider":{"type":"string","configurable":false,"required":true},"provider_metadata":{"type":"json","configurable":false},"related":{"type":"relation","relation":"morphToMany","configurable":false},"folder":{"type":"relation","relation":"manyToOne","target":"plugin::upload.folder","inversedBy":"files","private":true},"folderPath":{"type":"string","minLength":1,"required":true,"private":true,"searchable":false}},"kind":"collectionType"},"modelName":"file"},"plugin::upload.folder":{"collectionName":"upload_folders","info":{"singularName":"folder","pluralName":"folders","displayName":"Folder"},"options":{"draftAndPublish":false},"pluginOptions":{"content-manager":{"visible":false},"content-type-builder":{"visible":false}},"attributes":{"name":{"type":"string","minLength":1,"required":true},"pathId":{"type":"integer","unique":true,"required":true},"parent":{"type":"relation","relation":"manyToOne","target":"plugin::upload.folder","inversedBy":"children"},"children":{"type":"relation","relation":"oneToMany","target":"plugin::upload.folder","mappedBy":"parent"},"files":{"type":"relation","relation":"oneToMany","target":"plugin::upload.file","mappedBy":"folder"},"path":{"type":"string","minLength":1,"required":true},"createdAt":{"type":"TIMESTAMP"},"updatedAt":{"type":"TIMESTAMP"},"publishedAt":{"type":"TIMESTAMP","configurable":false,"writable":true,"visible":false},"createdBy":{"type":"relation","relation":"oneToOne","target":"admin::user","configurable":false,"writable":false,"visible":false,"useJoinTable":false,"private":true},"updatedBy":{"type":"relation","relation":"oneToOne","target":"admin::user","configurable":false,"writable":false,"visible":false,"useJoinTable":false,"private":true},"locale":{"writable":true,"private":true,"configurable":false,"visible":false,"type":"string"},"localizations":{"type":"relation","relation":"oneToMany","target":"plugin::upload.folder","writable":false,"private":true,"configurable":false,"visible":false,"unstable_virtual":true,"joinColumn":{"name":"document_id","referencedColumn":"document_id","referencedTable":"upload_folders"}}},"indexes":[{"name":"upload_folders_path_id_index","columns":["path_id"],"type":"unique"},{"name":"upload_folders_path_index","columns":["path"],"type":"unique"}],"plugin":"upload","globalId":"UploadFolder","uid":"plugin::upload.folder","modelType":"contentType","kind":"collectionType","__schema__":{"collectionName":"upload_folders","info":{"singularName":"folder","pluralName":"folders","displayName":"Folder"},"options":{},"pluginOptions":{"content-manager":{"visible":false},"content-type-builder":{"visible":false}},"attributes":{"name":{"type":"string","minLength":1,"required":true},"pathId":{"type":"integer","unique":true,"required":true},"parent":{"type":"relation","relation":"manyToOne","target":"plugin::upload.folder","inversedBy":"children"},"children":{"type":"relation","relation":"oneToMany","target":"plugin::upload.folder","mappedBy":"parent"},"files":{"type":"relation","relation":"oneToMany","target":"plugin::upload.file","mappedBy":"folder"},"path":{"type":"string","minLength":1,"required":true}},"kind":"collectionType"},"modelName":"folder"},"plugin::i18n.locale":{"info":{"singularName":"locale","pluralName":"locales","collectionName":"locales","displayName":"Locale","description":""},"options":{"draftAndPublish":false},"pluginOptions":{"content-manager":{"visible":false},"content-type-builder":{"visible":false}},"attributes":{"name":{"type":"string","min":1,"max":50,"configurable":false},"code":{"type":"string","unique":true,"configurable":false},"createdAt":{"type":"TIMESTAMP"},"updatedAt":{"type":"TIMESTAMP"},"publishedAt":{"type":"TIMESTAMP","configurable":false,"writable":true,"visible":false},"createdBy":{"type":"relation","relation":"oneToOne","target":"admin::user","configurable":false,"writable":false,"visible":false,"useJoinTable":false,"private":true},"updatedBy":{"type":"relation","relation":"oneToOne","target":"admin::user","configurable":false,"writable":false,"visible":false,"useJoinTable":false,"private":true},"locale":{"writable":true,"private":true,"configurable":false,"visible":false,"type":"string"},"localizations":{"type":"relation","relation":"oneToMany","target":"plugin::i18n.locale","writable":false,"private":true,"configurable":false,"visible":false,"unstable_virtual":true,"joinColumn":{"name":"document_id","referencedColumn":"document_id","referencedTable":"i18n_locale"}}},"plugin":"i18n","collectionName":"i18n_locale","globalId":"I18NLocale","uid":"plugin::i18n.locale","modelType":"contentType","kind":"collectionType","__schema__":{"collectionName":"i18n_locale","info":{"singularName":"locale","pluralName":"locales","collectionName":"locales","displayName":"Locale","description":""},"options":{},"pluginOptions":{"content-manager":{"visible":false},"content-type-builder":{"visible":false}},"attributes":{"name":{"type":"string","min":1,"max":50,"configurable":false},"code":{"type":"string","unique":true,"configurable":false}},"kind":"collectionType"},"modelName":"locale"},"plugin::content-releases.release":{"collectionName":"strapi_releases","info":{"singularName":"release","pluralName":"releases","displayName":"Release"},"options":{"draftAndPublish":false},"pluginOptions":{"content-manager":{"visible":false},"content-type-builder":{"visible":false}},"attributes":{"name":{"type":"string","required":true},"releasedAt":{"type":"TIMESTAMP"},"scheduledAt":{"type":"TIMESTAMP"},"timezone":{"type":"string"},"status":{"type":"enumeration","enum":["ready","blocked","failed","done","empty"],"required":true},"actions":{"type":"relation","relation":"oneToMany","target":"plugin::content-releases.release-action","mappedBy":"release"},"createdAt":{"type":"TIMESTAMP"},"updatedAt":{"type":"TIMESTAMP"},"publishedAt":{"type":"TIMESTAMP","configurable":false,"writable":true,"visible":false},"createdBy":{"type":"relation","relation":"oneToOne","target":"admin::user","configurable":false,"writable":false,"visible":false,"useJoinTable":false,"private":true},"updatedBy":{"type":"relation","relation":"oneToOne","target":"admin::user","configurable":false,"writable":false,"visible":false,"useJoinTable":false,"private":true},"locale":{"writable":true,"private":true,"configurable":false,"visible":false,"type":"string"},"localizations":{"type":"relation","relation":"oneToMany","target":"plugin::content-releases.release","writable":false,"private":true,"configurable":false,"visible":false,"unstable_virtual":true,"joinColumn":{"name":"document_id","referencedColumn":"document_id","referencedTable":"strapi_releases"}}},"plugin":"content-releases","globalId":"ContentReleasesRelease","uid":"plugin::content-releases.release","modelType":"contentType","kind":"collectionType","__schema__":{"collectionName":"strapi_releases","info":{"singularName":"release","pluralName":"releases","displayName":"Release"},"options":{"draftAndPublish":false},"pluginOptions":{"content-manager":{"visible":false},"content-type-builder":{"visible":false}},"attributes":{"name":{"type":"string","required":true},"releasedAt":{"type":"TIMESTAMP"},"scheduledAt":{"type":"TIMESTAMP"},"timezone":{"type":"string"},"status":{"type":"enumeration","enum":["ready","blocked","failed","done","empty"],"required":true},"actions":{"type":"relation","relation":"oneToMany","target":"plugin::content-releases.release-action","mappedBy":"release"}},"kind":"collectionType"},"modelName":"release"},"plugin::content-releases.release-action":{"collectionName":"strapi_release_actions","info":{"singularName":"release-action","pluralName":"release-actions","displayName":"Release Action"},"options":{"draftAndPublish":false},"pluginOptions":{"content-manager":{"visible":false},"content-type-builder":{"visible":false}},"attributes":{"type":{"type":"enumeration","enum":["publish","unpublish"],"required":true},"contentType":{"type":"string","required":true},"entryDocumentId":{"type":"string"},"locale":{"writable":true,"private":true,"configurable":false,"visible":false,"type":"string"},"release":{"type":"relation","relation":"manyToOne","target":"plugin::content-releases.release","inversedBy":"actions"},"isEntryValid":{"type":"boolean"},"createdAt":{"type":"TIMESTAMP"},"updatedAt":{"type":"TIMESTAMP"},"publishedAt":{"type":"TIMESTAMP","configurable":false,"writable":true,"visible":false},"createdBy":{"type":"relation","relation":"oneToOne","target":"admin::user","configurable":false,"writable":false,"visible":false,"useJoinTable":false,"private":true},"updatedBy":{"type":"relation","relation":"oneToOne","target":"admin::user","configurable":false,"writable":false,"visible":false,"useJoinTable":false,"private":true},"localizations":{"type":"relation","relation":"oneToMany","target":"plugin::content-releases.release-action","writable":false,"private":true,"configurable":false,"visible":false,"unstable_virtual":true,"joinColumn":{"name":"document_id","referencedColumn":"document_id","referencedTable":"strapi_release_actions"}}},"plugin":"content-releases","globalId":"ContentReleasesReleaseAction","uid":"plugin::content-releases.release-action","modelType":"contentType","kind":"collectionType","__schema__":{"collectionName":"strapi_release_actions","info":{"singularName":"release-action","pluralName":"release-actions","displayName":"Release Action"},"options":{"draftAndPublish":false},"pluginOptions":{"content-manager":{"visible":false},"content-type-builder":{"visible":false}},"attributes":{"type":{"type":"enumeration","enum":["publish","unpublish"],"required":true},"contentType":{"type":"string","required":true},"entryDocumentId":{"type":"string"},"locale":{"type":"string"},"release":{"type":"relation","relation":"manyToOne","target":"plugin::content-releases.release","inversedBy":"actions"},"isEntryValid":{"type":"boolean"}},"kind":"collectionType"},"modelName":"release-action"},"plugin::review-workflows.workflow":{"collectionName":"strapi_workflows","info":{"name":"Workflow","description":"","singularName":"workflow","pluralName":"workflows","displayName":"Workflow"},"options":{"draftAndPublish":false},"pluginOptions":{"content-manager":{"visible":false},"content-type-builder":{"visible":false}},"attributes":{"name":{"type":"string","required":true,"unique":true},"stages":{"type":"relation","target":"plugin::review-workflows.workflow-stage","relation":"oneToMany","mappedBy":"workflow"},"stageRequiredToPublish":{"type":"relation","target":"plugin::review-workflows.workflow-stage","relation":"oneToOne","required":false},"contentTypes":{"type":"json","required":true,"default":"[]"},"createdAt":{"type":"TIMESTAMP"},"updatedAt":{"type":"TIMESTAMP"},"publishedAt":{"type":"TIMESTAMP","configurable":false,"writable":true,"visible":false},"createdBy":{"type":"relation","relation":"oneToOne","target":"admin::user","configurable":false,"writable":false,"visible":false,"useJoinTable":false,"private":true},"updatedBy":{"type":"relation","relation":"oneToOne","target":"admin::user","configurable":false,"writable":false,"visible":false,"useJoinTable":false,"private":true},"locale":{"writable":true,"private":true,"configurable":false,"visible":false,"type":"string"},"localizations":{"type":"relation","relation":"oneToMany","target":"plugin::review-workflows.workflow","writable":false,"private":true,"configurable":false,"visible":false,"unstable_virtual":true,"joinColumn":{"name":"document_id","referencedColumn":"document_id","referencedTable":"strapi_workflows"}}},"plugin":"review-workflows","globalId":"ReviewWorkflowsWorkflow","uid":"plugin::review-workflows.workflow","modelType":"contentType","kind":"collectionType","__schema__":{"collectionName":"strapi_workflows","info":{"name":"Workflow","description":"","singularName":"workflow","pluralName":"workflows","displayName":"Workflow"},"options":{},"pluginOptions":{"content-manager":{"visible":false},"content-type-builder":{"visible":false}},"attributes":{"name":{"type":"string","required":true,"unique":true},"stages":{"type":"relation","target":"plugin::review-workflows.workflow-stage","relation":"oneToMany","mappedBy":"workflow"},"stageRequiredToPublish":{"type":"relation","target":"plugin::review-workflows.workflow-stage","relation":"oneToOne","required":false},"contentTypes":{"type":"json","required":true,"default":"[]"}},"kind":"collectionType"},"modelName":"workflow"},"plugin::review-workflows.workflow-stage":{"collectionName":"strapi_workflows_stages","info":{"name":"Workflow Stage","description":"","singularName":"workflow-stage","pluralName":"workflow-stages","displayName":"Stages"},"options":{"version":"1.1.0","draftAndPublish":false},"pluginOptions":{"content-manager":{"visible":false},"content-type-builder":{"visible":false}},"attributes":{"name":{"type":"string","configurable":false},"color":{"type":"string","configurable":false,"default":"#4945FF"},"workflow":{"type":"relation","target":"plugin::review-workflows.workflow","relation":"manyToOne","inversedBy":"stages","configurable":false},"permissions":{"type":"relation","target":"admin::permission","relation":"manyToMany","configurable":false},"createdAt":{"type":"TIMESTAMP"},"updatedAt":{"type":"TIMESTAMP"},"publishedAt":{"type":"TIMESTAMP","configurable":false,"writable":true,"visible":false},"createdBy":{"type":"relation","relation":"oneToOne","target":"admin::user","configurable":false,"writable":false,"visible":false,"useJoinTable":false,"private":true},"updatedBy":{"type":"relation","relation":"oneToOne","target":"admin::user","configurable":false,"writable":false,"visible":false,"useJoinTable":false,"private":true},"locale":{"writable":true,"private":true,"configurable":false,"visible":false,"type":"string"},"localizations":{"type":"relation","relation":"oneToMany","target":"plugin::review-workflows.workflow-stage","writable":false,"private":true,"configurable":false,"visible":false,"unstable_virtual":true,"joinColumn":{"name":"document_id","referencedColumn":"document_id","referencedTable":"strapi_workflows_stages"}}},"plugin":"review-workflows","globalId":"ReviewWorkflowsWorkflowStage","uid":"plugin::review-workflows.workflow-stage","modelType":"contentType","kind":"collectionType","__schema__":{"collectionName":"strapi_workflows_stages","info":{"name":"Workflow Stage","description":"","singularName":"workflow-stage","pluralName":"workflow-stages","displayName":"Stages"},"options":{"version":"1.1.0"},"pluginOptions":{"content-manager":{"visible":false},"content-type-builder":{"visible":false}},"attributes":{"name":{"type":"string","configurable":false},"color":{"type":"string","configurable":false,"default":"#4945FF"},"workflow":{"type":"relation","target":"plugin::review-workflows.workflow","relation":"manyToOne","inversedBy":"stages","configurable":false},"permissions":{"type":"relation","target":"admin::permission","relation":"manyToMany","configurable":false}},"kind":"collectionType"},"modelName":"workflow-stage"},"plugin::users-permissions.permission":{"collectionName":"up_permissions","info":{"name":"permission","description":"","singularName":"permission","pluralName":"permissions","displayName":"Permission"},"pluginOptions":{"content-manager":{"visible":false},"content-type-builder":{"visible":false}},"attributes":{"action":{"type":"string","required":true,"configurable":false},"role":{"type":"relation","relation":"manyToOne","target":"plugin::users-permissions.role","inversedBy":"permissions","configurable":false},"createdAt":{"type":"TIMESTAMP"},"updatedAt":{"type":"TIMESTAMP"},"publishedAt":{"type":"TIMESTAMP","configurable":false,"writable":true,"visible":false},"createdBy":{"type":"relation","relation":"oneToOne","target":"admin::user","configurable":false,"writable":false,"visible":false,"useJoinTable":false,"private":true},"updatedBy":{"type":"relation","relation":"oneToOne","target":"admin::user","configurable":false,"writable":false,"visible":false,"useJoinTable":false,"private":true},"locale":{"writable":true,"private":true,"configurable":false,"visible":false,"type":"string"},"localizations":{"type":"relation","relation":"oneToMany","target":"plugin::users-permissions.permission","writable":false,"private":true,"configurable":false,"visible":false,"unstable_virtual":true,"joinColumn":{"name":"document_id","referencedColumn":"document_id","referencedTable":"up_permissions"}}},"plugin":"users-permissions","globalId":"UsersPermissionsPermission","uid":"plugin::users-permissions.permission","modelType":"contentType","kind":"collectionType","__schema__":{"collectionName":"up_permissions","info":{"name":"permission","description":"","singularName":"permission","pluralName":"permissions","displayName":"Permission"},"pluginOptions":{"content-manager":{"visible":false},"content-type-builder":{"visible":false}},"attributes":{"action":{"type":"string","required":true,"configurable":false},"role":{"type":"relation","relation":"manyToOne","target":"plugin::users-permissions.role","inversedBy":"permissions","configurable":false}},"kind":"collectionType"},"modelName":"permission","options":{"draftAndPublish":false}},"plugin::users-permissions.role":{"collectionName":"up_roles","info":{"name":"role","description":"","singularName":"role","pluralName":"roles","displayName":"Role"},"pluginOptions":{"content-manager":{"visible":false},"content-type-builder":{"visible":false}},"attributes":{"name":{"type":"string","minLength":3,"required":true,"configurable":false},"description":{"type":"string","configurable":false},"type":{"type":"string","unique":true,"configurable":false},"permissions":{"type":"relation","relation":"oneToMany","target":"plugin::users-permissions.permission","mappedBy":"role","configurable":false},"users":{"type":"relation","relation":"oneToMany","target":"plugin::users-permissions.user","mappedBy":"role","configurable":false},"createdAt":{"type":"TIMESTAMP"},"updatedAt":{"type":"TIMESTAMP"},"publishedAt":{"type":"TIMESTAMP","configurable":false,"writable":true,"visible":false},"createdBy":{"type":"relation","relation":"oneToOne","target":"admin::user","configurable":false,"writable":false,"visible":false,"useJoinTable":false,"private":true},"updatedBy":{"type":"relation","relation":"oneToOne","target":"admin::user","configurable":false,"writable":false,"visible":false,"useJoinTable":false,"private":true},"locale":{"writable":true,"private":true,"configurable":false,"visible":false,"type":"string"},"localizations":{"type":"relation","relation":"oneToMany","target":"plugin::users-permissions.role","writable":false,"private":true,"configurable":false,"visible":false,"unstable_virtual":true,"joinColumn":{"name":"document_id","referencedColumn":"document_id","referencedTable":"up_roles"}}},"plugin":"users-permissions","globalId":"UsersPermissionsRole","uid":"plugin::users-permissions.role","modelType":"contentType","kind":"collectionType","__schema__":{"collectionName":"up_roles","info":{"name":"role","description":"","singularName":"role","pluralName":"roles","displayName":"Role"},"pluginOptions":{"content-manager":{"visible":false},"content-type-builder":{"visible":false}},"attributes":{"name":{"type":"string","minLength":3,"required":true,"configurable":false},"description":{"type":"string","configurable":false},"type":{"type":"string","unique":true,"configurable":false},"permissions":{"type":"relation","relation":"oneToMany","target":"plugin::users-permissions.permission","mappedBy":"role","configurable":false},"users":{"type":"relation","relation":"oneToMany","target":"plugin::users-permissions.user","mappedBy":"role","configurable":false}},"kind":"collectionType"},"modelName":"role","options":{"draftAndPublish":false}},"plugin::users-permissions.user":{"collectionName":"up_users","info":{"name":"user","description":"","singularName":"user","pluralName":"users","displayName":"User"},"options":{"timestamps":true,"draftAndPublish":false},"attributes":{"username":{"type":"string","minLength":3,"unique":true,"configurable":false,"required":true},"email":{"type":"email","minLength":6,"configurable":false,"required":true},"provider":{"type":"string","configurable":false},"password":{"type":"password","minLength":6,"configurable":false,"private":true,"searchable":false},"resetPasswordToken":{"type":"string","configurable":false,"private":true,"searchable":false},"confirmationToken":{"type":"string","configurable":false,"private":true,"searchable":false},"confirmed":{"type":"boolean","default":false,"configurable":false},"blocked":{"type":"boolean","default":false,"configurable":false},"role":{"type":"relation","relation":"manyToOne","target":"plugin::users-permissions.role","inversedBy":"users","configurable":false},"createdAt":{"type":"TIMESTAMP"},"updatedAt":{"type":"TIMESTAMP"},"publishedAt":{"type":"TIMESTAMP","configurable":false,"writable":true,"visible":false},"createdBy":{"type":"relation","relation":"oneToOne","target":"admin::user","configurable":false,"writable":false,"visible":false,"useJoinTable":false,"private":true},"updatedBy":{"type":"relation","relation":"oneToOne","target":"admin::user","configurable":false,"writable":false,"visible":false,"useJoinTable":false,"private":true},"locale":{"writable":true,"private":true,"configurable":false,"visible":false,"type":"string"},"localizations":{"type":"relation","relation":"oneToMany","target":"plugin::users-permissions.user","writable":false,"private":true,"configurable":false,"visible":false,"unstable_virtual":true,"joinColumn":{"name":"document_id","referencedColumn":"document_id","referencedTable":"up_users"}}},"config":{"attributes":{"resetPasswordToken":{"hidden":true},"confirmationToken":{"hidden":true},"provider":{"hidden":true}}},"plugin":"users-permissions","globalId":"UsersPermissionsUser","uid":"plugin::users-permissions.user","modelType":"contentType","kind":"collectionType","__schema__":{"collectionName":"up_users","info":{"name":"user","description":"","singularName":"user","pluralName":"users","displayName":"User"},"options":{"timestamps":true},"attributes":{"username":{"type":"string","minLength":3,"unique":true,"configurable":false,"required":true},"email":{"type":"email","minLength":6,"configurable":false,"required":true},"provider":{"type":"string","configurable":false},"password":{"type":"password","minLength":6,"configurable":false,"private":true,"searchable":false},"resetPasswordToken":{"type":"string","configurable":false,"private":true,"searchable":false},"confirmationToken":{"type":"string","configurable":false,"private":true,"searchable":false},"confirmed":{"type":"boolean","default":false,"configurable":false},"blocked":{"type":"boolean","default":false,"configurable":false},"role":{"type":"relation","relation":"manyToOne","target":"plugin::users-permissions.role","inversedBy":"users","configurable":false}},"kind":"collectionType"},"modelName":"user"},"admin::permission":{"collectionName":"admin_permissions","info":{"name":"Permission","description":"","singularName":"permission","pluralName":"permissions","displayName":"Permission"},"options":{"draftAndPublish":false},"pluginOptions":{"content-manager":{"visible":false},"content-type-builder":{"visible":false}},"attributes":{"action":{"type":"string","minLength":1,"configurable":false,"required":true},"actionParameters":{"type":"json","configurable":false,"required":false,"default":{}},"subject":{"type":"string","minLength":1,"configurable":false,"required":false},"properties":{"type":"json","configurable":false,"required":false,"default":{}},"conditions":{"type":"json","configurable":false,"required":false,"default":[]},"role":{"configurable":false,"type":"relation","relation":"manyToOne","inversedBy":"permissions","target":"admin::role"},"createdAt":{"type":"TIMESTAMP"},"updatedAt":{"type":"TIMESTAMP"},"publishedAt":{"type":"TIMESTAMP","configurable":false,"writable":true,"visible":false},"createdBy":{"type":"relation","relation":"oneToOne","target":"admin::user","configurable":false,"writable":false,"visible":false,"useJoinTable":false,"private":true},"updatedBy":{"type":"relation","relation":"oneToOne","target":"admin::user","configurable":false,"writable":false,"visible":false,"useJoinTable":false,"private":true},"locale":{"writable":true,"private":true,"configurable":false,"visible":false,"type":"string"},"localizations":{"type":"relation","relation":"oneToMany","target":"admin::permission","writable":false,"private":true,"configurable":false,"visible":false,"unstable_virtual":true,"joinColumn":{"name":"document_id","referencedColumn":"document_id","referencedTable":"admin_permissions"}}},"plugin":"admin","globalId":"AdminPermission","uid":"admin::permission","modelType":"contentType","kind":"collectionType","__schema__":{"collectionName":"admin_permissions","info":{"name":"Permission","description":"","singularName":"permission","pluralName":"permissions","displayName":"Permission"},"options":{},"pluginOptions":{"content-manager":{"visible":false},"content-type-builder":{"visible":false}},"attributes":{"action":{"type":"string","minLength":1,"configurable":false,"required":true},"actionParameters":{"type":"json","configurable":false,"required":false,"default":{}},"subject":{"type":"string","minLength":1,"configurable":false,"required":false},"properties":{"type":"json","configurable":false,"required":false,"default":{}},"conditions":{"type":"json","configurable":false,"required":false,"default":[]},"role":{"configurable":false,"type":"relation","relation":"manyToOne","inversedBy":"permissions","target":"admin::role"}},"kind":"collectionType"},"modelName":"permission"},"admin::user":{"collectionName":"admin_users","info":{"name":"User","description":"","singularName":"user","pluralName":"users","displayName":"User"},"pluginOptions":{"content-manager":{"visible":false},"content-type-builder":{"visible":false}},"attributes":{"firstname":{"type":"string","unique":false,"minLength":1,"configurable":false,"required":false},"lastname":{"type":"string","unique":false,"minLength":1,"configurable":false,"required":false},"username":{"type":"string","unique":false,"configurable":false,"required":false},"email":{"type":"email","minLength":6,"configurable":false,"required":true,"unique":true,"private":true},"password":{"type":"password","minLength":6,"configurable":false,"required":false,"private":true,"searchable":false},"resetPasswordToken":{"type":"string","configurable":false,"private":true,"searchable":false},"registrationToken":{"type":"string","configurable":false,"private":true,"searchable":false},"isActive":{"type":"boolean","default":false,"configurable":false,"private":true},"roles":{"configurable":false,"private":true,"type":"relation","relation":"manyToMany","inversedBy":"users","target":"admin::role","collectionName":"strapi_users_roles"},"blocked":{"type":"boolean","default":false,"configurable":false,"private":true},"preferedLanguage":{"type":"string","configurable":false,"required":false,"searchable":false},"createdAt":{"type":"TIMESTAMP"},"updatedAt":{"type":"TIMESTAMP"},"publishedAt":{"type":"TIMESTAMP","configurable":false,"writable":true,"visible":false},"createdBy":{"type":"relation","relation":"oneToOne","target":"admin::user","configurable":false,"writable":false,"visible":false,"useJoinTable":false,"private":true},"updatedBy":{"type":"relation","relation":"oneToOne","target":"admin::user","configurable":false,"writable":false,"visible":false,"useJoinTable":false,"private":true},"locale":{"writable":true,"private":true,"configurable":false,"visible":false,"type":"string"},"localizations":{"type":"relation","relation":"oneToMany","target":"admin::user","writable":false,"private":true,"configurable":false,"visible":false,"unstable_virtual":true,"joinColumn":{"name":"document_id","referencedColumn":"document_id","referencedTable":"admin_users"}}},"config":{"attributes":{"resetPasswordToken":{"hidden":true},"registrationToken":{"hidden":true}}},"plugin":"admin","globalId":"AdminUser","uid":"admin::user","modelType":"contentType","kind":"collectionType","__schema__":{"collectionName":"admin_users","info":{"name":"User","description":"","singularName":"user","pluralName":"users","displayName":"User"},"pluginOptions":{"content-manager":{"visible":false},"content-type-builder":{"visible":false}},"attributes":{"firstname":{"type":"string","unique":false,"minLength":1,"configurable":false,"required":false},"lastname":{"type":"string","unique":false,"minLength":1,"configurable":false,"required":false},"username":{"type":"string","unique":false,"configurable":false,"required":false},"email":{"type":"email","minLength":6,"configurable":false,"required":true,"unique":true,"private":true},"password":{"type":"password","minLength":6,"configurable":false,"required":false,"private":true,"searchable":false},"resetPasswordToken":{"type":"string","configurable":false,"private":true,"searchable":false},"registrationToken":{"type":"string","configurable":false,"private":true,"searchable":false},"isActive":{"type":"boolean","default":false,"configurable":false,"private":true},"roles":{"configurable":false,"private":true,"type":"relation","relation":"manyToMany","inversedBy":"users","target":"admin::role","collectionName":"strapi_users_roles"},"blocked":{"type":"boolean","default":false,"configurable":false,"private":true},"preferedLanguage":{"type":"string","configurable":false,"required":false,"searchable":false}},"kind":"collectionType"},"modelName":"user","options":{"draftAndPublish":false}},"admin::role":{"collectionName":"admin_roles","info":{"name":"Role","description":"","singularName":"role","pluralName":"roles","displayName":"Role"},"options":{"draftAndPublish":false},"pluginOptions":{"content-manager":{"visible":false},"content-type-builder":{"visible":false}},"attributes":{"name":{"type":"string","minLength":1,"unique":true,"configurable":false,"required":true},"code":{"type":"string","minLength":1,"unique":true,"configurable":false,"required":true},"description":{"type":"string","configurable":false},"users":{"configurable":false,"type":"relation","relation":"manyToMany","mappedBy":"roles","target":"admin::user"},"permissions":{"configurable":false,"type":"relation","relation":"oneToMany","mappedBy":"role","target":"admin::permission"},"createdAt":{"type":"TIMESTAMP"},"updatedAt":{"type":"TIMESTAMP"},"publishedAt":{"type":"TIMESTAMP","configurable":false,"writable":true,"visible":false},"createdBy":{"type":"relation","relation":"oneToOne","target":"admin::user","configurable":false,"writable":false,"visible":false,"useJoinTable":false,"private":true},"updatedBy":{"type":"relation","relation":"oneToOne","target":"admin::user","configurable":false,"writable":false,"visible":false,"useJoinTable":false,"private":true},"locale":{"writable":true,"private":true,"configurable":false,"visible":false,"type":"string"},"localizations":{"type":"relation","relation":"oneToMany","target":"admin::role","writable":false,"private":true,"configurable":false,"visible":false,"unstable_virtual":true,"joinColumn":{"name":"document_id","referencedColumn":"document_id","referencedTable":"admin_roles"}}},"plugin":"admin","globalId":"AdminRole","uid":"admin::role","modelType":"contentType","kind":"collectionType","__schema__":{"collectionName":"admin_roles","info":{"name":"Role","description":"","singularName":"role","pluralName":"roles","displayName":"Role"},"options":{},"pluginOptions":{"content-manager":{"visible":false},"content-type-builder":{"visible":false}},"attributes":{"name":{"type":"string","minLength":1,"unique":true,"configurable":false,"required":true},"code":{"type":"string","minLength":1,"unique":true,"configurable":false,"required":true},"description":{"type":"string","configurable":false},"users":{"configurable":false,"type":"relation","relation":"manyToMany","mappedBy":"roles","target":"admin::user"},"permissions":{"configurable":false,"type":"relation","relation":"oneToMany","mappedBy":"role","target":"admin::permission"}},"kind":"collectionType"},"modelName":"role"},"admin::api-token":{"collectionName":"strapi_api_tokens","info":{"name":"Api Token","singularName":"api-token","pluralName":"api-tokens","displayName":"Api Token","description":""},"options":{"draftAndPublish":false},"pluginOptions":{"content-manager":{"visible":false},"content-type-builder":{"visible":false}},"attributes":{"name":{"type":"string","minLength":1,"configurable":false,"required":true,"unique":true},"description":{"type":"string","minLength":1,"configurable":false,"required":false,"default":""},"type":{"type":"enumeration","enum":["read-only","full-access","custom"],"configurable":false,"required":true,"default":"read-only"},"accessKey":{"type":"string","minLength":1,"configurable":false,"required":true,"searchable":false},"lastUsedAt":{"type":"TIMESTAMP","configurable":false,"required":false},"permissions":{"type":"relation","target":"admin::api-token-permission","relation":"oneToMany","mappedBy":"token","configurable":false,"required":false},"expiresAt":{"type":"TIMESTAMP","configurable":false,"required":false},"lifespan":{"type":"biginteger","configurable":false,"required":false},"createdAt":{"type":"TIMESTAMP"},"updatedAt":{"type":"TIMESTAMP"},"publishedAt":{"type":"TIMESTAMP","configurable":false,"writable":true,"visible":false},"createdBy":{"type":"relation","relation":"oneToOne","target":"admin::user","configurable":false,"writable":false,"visible":false,"useJoinTable":false,"private":true},"updatedBy":{"type":"relation","relation":"oneToOne","target":"admin::user","configurable":false,"writable":false,"visible":false,"useJoinTable":false,"private":true},"locale":{"writable":true,"private":true,"configurable":false,"visible":false,"type":"string"},"localizations":{"type":"relation","relation":"oneToMany","target":"admin::api-token","writable":false,"private":true,"configurable":false,"visible":false,"unstable_virtual":true,"joinColumn":{"name":"document_id","referencedColumn":"document_id","referencedTable":"strapi_api_tokens"}}},"plugin":"admin","globalId":"AdminApiToken","uid":"admin::api-token","modelType":"contentType","kind":"collectionType","__schema__":{"collectionName":"strapi_api_tokens","info":{"name":"Api Token","singularName":"api-token","pluralName":"api-tokens","displayName":"Api Token","description":""},"options":{},"pluginOptions":{"content-manager":{"visible":false},"content-type-builder":{"visible":false}},"attributes":{"name":{"type":"string","minLength":1,"configurable":false,"required":true,"unique":true},"description":{"type":"string","minLength":1,"configurable":false,"required":false,"default":""},"type":{"type":"enumeration","enum":["read-only","full-access","custom"],"configurable":false,"required":true,"default":"read-only"},"accessKey":{"type":"string","minLength":1,"configurable":false,"required":true,"searchable":false},"lastUsedAt":{"type":"TIMESTAMP","configurable":false,"required":false},"permissions":{"type":"relation","target":"admin::api-token-permission","relation":"oneToMany","mappedBy":"token","configurable":false,"required":false},"expiresAt":{"type":"TIMESTAMP","configurable":false,"required":false},"lifespan":{"type":"biginteger","configurable":false,"required":false}},"kind":"collectionType"},"modelName":"api-token"},"admin::api-token-permission":{"collectionName":"strapi_api_token_permissions","info":{"name":"API Token Permission","description":"","singularName":"api-token-permission","pluralName":"api-token-permissions","displayName":"API Token Permission"},"options":{"draftAndPublish":false},"pluginOptions":{"content-manager":{"visible":false},"content-type-builder":{"visible":false}},"attributes":{"action":{"type":"string","minLength":1,"configurable":false,"required":true},"token":{"configurable":false,"type":"relation","relation":"manyToOne","inversedBy":"permissions","target":"admin::api-token"},"createdAt":{"type":"TIMESTAMP"},"updatedAt":{"type":"TIMESTAMP"},"publishedAt":{"type":"TIMESTAMP","configurable":false,"writable":true,"visible":false},"createdBy":{"type":"relation","relation":"oneToOne","target":"admin::user","configurable":false,"writable":false,"visible":false,"useJoinTable":false,"private":true},"updatedBy":{"type":"relation","relation":"oneToOne","target":"admin::user","configurable":false,"writable":false,"visible":false,"useJoinTable":false,"private":true},"locale":{"writable":true,"private":true,"configurable":false,"visible":false,"type":"string"},"localizations":{"type":"relation","relation":"oneToMany","target":"admin::api-token-permission","writable":false,"private":true,"configurable":false,"visible":false,"unstable_virtual":true,"joinColumn":{"name":"document_id","referencedColumn":"document_id","referencedTable":"strapi_api_token_permissions"}}},"plugin":"admin","globalId":"AdminApiTokenPermission","uid":"admin::api-token-permission","modelType":"contentType","kind":"collectionType","__schema__":{"collectionName":"strapi_api_token_permissions","info":{"name":"API Token Permission","description":"","singularName":"api-token-permission","pluralName":"api-token-permissions","displayName":"API Token Permission"},"options":{},"pluginOptions":{"content-manager":{"visible":false},"content-type-builder":{"visible":false}},"attributes":{"action":{"type":"string","minLength":1,"configurable":false,"required":true},"token":{"configurable":false,"type":"relation","relation":"manyToOne","inversedBy":"permissions","target":"admin::api-token"}},"kind":"collectionType"},"modelName":"api-token-permission"},"admin::transfer-token":{"collectionName":"strapi_transfer_tokens","info":{"name":"Transfer Token","singularName":"transfer-token","pluralName":"transfer-tokens","displayName":"Transfer Token","description":""},"options":{"draftAndPublish":false},"pluginOptions":{"content-manager":{"visible":false},"content-type-builder":{"visible":false}},"attributes":{"name":{"type":"string","minLength":1,"configurable":false,"required":true,"unique":true},"description":{"type":"string","minLength":1,"configurable":false,"required":false,"default":""},"accessKey":{"type":"string","minLength":1,"configurable":false,"required":true},"lastUsedAt":{"type":"TIMESTAMP","configurable":false,"required":false},"permissions":{"type":"relation","target":"admin::transfer-token-permission","relation":"oneToMany","mappedBy":"token","configurable":false,"required":false},"expiresAt":{"type":"TIMESTAMP","configurable":false,"required":false},"lifespan":{"type":"biginteger","configurable":false,"required":false},"createdAt":{"type":"TIMESTAMP"},"updatedAt":{"type":"TIMESTAMP"},"publishedAt":{"type":"TIMESTAMP","configurable":false,"writable":true,"visible":false},"createdBy":{"type":"relation","relation":"oneToOne","target":"admin::user","configurable":false,"writable":false,"visible":false,"useJoinTable":false,"private":true},"updatedBy":{"type":"relation","relation":"oneToOne","target":"admin::user","configurable":false,"writable":false,"visible":false,"useJoinTable":false,"private":true},"locale":{"writable":true,"private":true,"configurable":false,"visible":false,"type":"string"},"localizations":{"type":"relation","relation":"oneToMany","target":"admin::transfer-token","writable":false,"private":true,"configurable":false,"visible":false,"unstable_virtual":true,"joinColumn":{"name":"document_id","referencedColumn":"document_id","referencedTable":"strapi_transfer_tokens"}}},"plugin":"admin","globalId":"AdminTransferToken","uid":"admin::transfer-token","modelType":"contentType","kind":"collectionType","__schema__":{"collectionName":"strapi_transfer_tokens","info":{"name":"Transfer Token","singularName":"transfer-token","pluralName":"transfer-tokens","displayName":"Transfer Token","description":""},"options":{},"pluginOptions":{"content-manager":{"visible":false},"content-type-builder":{"visible":false}},"attributes":{"name":{"type":"string","minLength":1,"configurable":false,"required":true,"unique":true},"description":{"type":"string","minLength":1,"configurable":false,"required":false,"default":""},"accessKey":{"type":"string","minLength":1,"configurable":false,"required":true},"lastUsedAt":{"type":"TIMESTAMP","configurable":false,"required":false},"permissions":{"type":"relation","target":"admin::transfer-token-permission","relation":"oneToMany","mappedBy":"token","configurable":false,"required":false},"expiresAt":{"type":"TIMESTAMP","configurable":false,"required":false},"lifespan":{"type":"biginteger","configurable":false,"required":false}},"kind":"collectionType"},"modelName":"transfer-token"},"admin::transfer-token-permission":{"collectionName":"strapi_transfer_token_permissions","info":{"name":"Transfer Token Permission","description":"","singularName":"transfer-token-permission","pluralName":"transfer-token-permissions","displayName":"Transfer Token Permission"},"options":{"draftAndPublish":false},"pluginOptions":{"content-manager":{"visible":false},"content-type-builder":{"visible":false}},"attributes":{"action":{"type":"string","minLength":1,"configurable":false,"required":true},"token":{"configurable":false,"type":"relation","relation":"manyToOne","inversedBy":"permissions","target":"admin::transfer-token"},"createdAt":{"type":"TIMESTAMP"},"updatedAt":{"type":"TIMESTAMP"},"publishedAt":{"type":"TIMESTAMP","configurable":false,"writable":true,"visible":false},"createdBy":{"type":"relation","relation":"oneToOne","target":"admin::user","configurable":false,"writable":false,"visible":false,"useJoinTable":false,"private":true},"updatedBy":{"type":"relation","relation":"oneToOne","target":"admin::user","configurable":false,"writable":false,"visible":false,"useJoinTable":false,"private":true},"locale":{"writable":true,"private":true,"configurable":false,"visible":false,"type":"string"},"localizations":{"type":"relation","relation":"oneToMany","target":"admin::transfer-token-permission","writable":false,"private":true,"configurable":false,"visible":false,"unstable_virtual":true,"joinColumn":{"name":"document_id","referencedColumn":"document_id","referencedTable":"strapi_transfer_token_permissions"}}},"plugin":"admin","globalId":"AdminTransferTokenPermission","uid":"admin::transfer-token-permission","modelType":"contentType","kind":"collectionType","__schema__":{"collectionName":"strapi_transfer_token_permissions","info":{"name":"Transfer Token Permission","description":"","singularName":"transfer-token-permission","pluralName":"transfer-token-permissions","displayName":"Transfer Token Permission"},"options":{},"pluginOptions":{"content-manager":{"visible":false},"content-type-builder":{"visible":false}},"attributes":{"action":{"type":"string","minLength":1,"configurable":false,"required":true},"token":{"configurable":false,"type":"relation","relation":"manyToOne","inversedBy":"permissions","target":"admin::transfer-token"}},"kind":"collectionType"},"modelName":"transfer-token-permission"}}','object',NULL,NULL),
 (2,'plugin_content_manager_configuration_content_types::plugin::upload.file','{"settings":{"bulkable":true,"filterable":true,"searchable":true,"pageSize":10,"mainField":"name","defaultSortBy":"name","defaultSortOrder":"ASC"},"metadatas":{"id":{"edit":{},"list":{"label":"id","searchable":true,"sortable":true}},"name":{"edit":{"label":"name","description":"","placeholder":"","visible":true,"editable":true},"list":{"label":"name","searchable":true,"sortable":true}},"alternativeText":{"edit":{"label":"alternativeText","description":"","placeholder":"","visible":true,"editable":true},"list":{"label":"alternativeText","searchable":true,"sortable":true}},"caption":{"edit":{"label":"caption","description":"","placeholder":"","visible":true,"editable":true},"list":{"label":"caption","searchable":true,"sortable":true}},"width":{"edit":{"label":"width","description":"","placeholder":"","visible":true,"editable":true},"list":{"label":"width","searchable":true,"sortable":true}},"height":{"edit":{"label":"height","description":"","placeholder":"","visible":true,"editable":true},"list":{"label":"height","searchable":true,"sortable":true}},"formats":{"edit":{"label":"formats","description":"","placeholder":"","visible":true,"editable":true},"list":{"label":"formats","searchable":false,"sortable":false}},"hash":{"edit":{"label":"hash","description":"","placeholder":"","visible":true,"editable":true},"list":{"label":"hash","searchable":true,"sortable":true}},"ext":{"edit":{"label":"ext","description":"","placeholder":"","visible":true,"editable":true},"list":{"label":"ext","searchable":true,"sortable":true}},"mime":{"edit":{"label":"mime","description":"","placeholder":"","visible":true,"editable":true},"list":{"label":"mime","searchable":true,"sortable":true}},"size":{"edit":{"label":"size","description":"","placeholder":"","visible":true,"editable":true},"list":{"label":"size","searchable":true,"sortable":true}},"url":{"edit":{"label":"url","description":"","placeholder":"","visible":true,"editable":true},"list":{"label":"url","searchable":true,"sortable":true}},"previewUrl":{"edit":{"label":"previewUrl","description":"","placeholder":"","visible":true,"editable":true},"list":{"label":"previewUrl","searchable":true,"sortable":true}},"provider":{"edit":{"label":"provider","description":"","placeholder":"","visible":true,"editable":true},"list":{"label":"provider","searchable":true,"sortable":true}},"provider_metadata":{"edit":{"label":"provider_metadata","description":"","placeholder":"","visible":true,"editable":true},"list":{"label":"provider_metadata","searchable":false,"sortable":false}},"folder":{"edit":{"label":"folder","description":"","placeholder":"","visible":true,"editable":true,"mainField":"name"},"list":{"label":"folder","searchable":true,"sortable":true}},"folderPath":{"edit":{"label":"folderPath","description":"","placeholder":"","visible":true,"editable":true},"list":{"label":"folderPath","searchable":true,"sortable":true}},"createdAt":{"edit":{"label":"createdAt","description":"","placeholder":"","visible":false,"editable":true},"list":{"label":"createdAt","searchable":true,"sortable":true}},"updatedAt":{"edit":{"label":"updatedAt","description":"","placeholder":"","visible":false,"editable":true},"list":{"label":"updatedAt","searchable":true,"sortable":true}},"createdBy":{"edit":{"label":"createdBy","description":"","placeholder":"","visible":false,"editable":true,"mainField":"firstname"},"list":{"label":"createdBy","searchable":true,"sortable":true}},"updatedBy":{"edit":{"label":"updatedBy","description":"","placeholder":"","visible":false,"editable":true,"mainField":"firstname"},"list":{"label":"updatedBy","searchable":true,"sortable":true}}},"layouts":{"list":["id","name","alternativeText","caption"],"edit":[[{"name":"name","size":6},{"name":"alternativeText","size":6}],[{"name":"caption","size":6},{"name":"width","size":4}],[{"name":"height","size":4}],[{"name":"formats","size":12}],[{"name":"hash","size":6},{"name":"ext","size":6}],[{"name":"mime","size":6},{"name":"size","size":4}],[{"name":"url","size":6},{"name":"previewUrl","size":6}],[{"name":"provider","size":6}],[{"name":"provider_metadata","size":12}],[{"name":"folder","size":6},{"name":"folderPath","size":6}]]},"uid":"plugin::upload.file"}','object',NULL,NULL),
 (3,'plugin_content_manager_configuration_content_types::plugin::upload.folder','{"settings":{"bulkable":true,"filterable":true,"searchable":true,"pageSize":10,"mainField":"name","defaultSortBy":"name","defaultSortOrder":"ASC"},"metadatas":{"id":{"edit":{},"list":{"label":"id","searchable":true,"sortable":true}},"name":{"edit":{"label":"name","description":"","placeholder":"","visible":true,"editable":true},"list":{"label":"name","searchable":true,"sortable":true}},"pathId":{"edit":{"label":"pathId","description":"","placeholder":"","visible":true,"editable":true},"list":{"label":"pathId","searchable":true,"sortable":true}},"parent":{"edit":{"label":"parent","description":"","placeholder":"","visible":true,"editable":true,"mainField":"name"},"list":{"label":"parent","searchable":true,"sortable":true}},"children":{"edit":{"label":"children","description":"","placeholder":"","visible":true,"editable":true,"mainField":"name"},"list":{"label":"children","searchable":false,"sortable":false}},"files":{"edit":{"label":"files","description":"","placeholder":"","visible":true,"editable":true,"mainField":"name"},"list":{"label":"files","searchable":false,"sortable":false}},"path":{"edit":{"label":"path","description":"","placeholder":"","visible":true,"editable":true},"list":{"label":"path","searchable":true,"sortable":true}},"createdAt":{"edit":{"label":"createdAt","description":"","placeholder":"","visible":false,"editable":true},"list":{"label":"createdAt","searchable":true,"sortable":true}},"updatedAt":{"edit":{"label":"updatedAt","description":"","placeholder":"","visible":false,"editable":true},"list":{"label":"updatedAt","searchable":true,"sortable":true}},"createdBy":{"edit":{"label":"createdBy","description":"","placeholder":"","visible":false,"editable":true,"mainField":"firstname"},"list":{"label":"createdBy","searchable":true,"sortable":true}},"updatedBy":{"edit":{"label":"updatedBy","description":"","placeholder":"","visible":false,"editable":true,"mainField":"firstname"},"list":{"label":"updatedBy","searchable":true,"sortable":true}}},"layouts":{"list":["id","name","pathId","parent"],"edit":[[{"name":"name","size":6},{"name":"pathId","size":4}],[{"name":"parent","size":6},{"name":"children","size":6}],[{"name":"files","size":6},{"name":"path","size":6}]]},"uid":"plugin::upload.folder"}','object',NULL,NULL),
 (4,'plugin_content_manager_configuration_content_types::plugin::i18n.locale','{"settings":{"bulkable":true,"filterable":true,"searchable":true,"pageSize":10,"mainField":"name","defaultSortBy":"name","defaultSortOrder":"ASC"},"metadatas":{"id":{"edit":{},"list":{"label":"id","searchable":true,"sortable":true}},"name":{"edit":{"label":"name","description":"","placeholder":"","visible":true,"editable":true},"list":{"label":"name","searchable":true,"sortable":true}},"code":{"edit":{"label":"code","description":"","placeholder":"","visible":true,"editable":true},"list":{"label":"code","searchable":true,"sortable":true}},"createdAt":{"edit":{"label":"createdAt","description":"","placeholder":"","visible":false,"editable":true},"list":{"label":"createdAt","searchable":true,"sortable":true}},"updatedAt":{"edit":{"label":"updatedAt","description":"","placeholder":"","visible":false,"editable":true},"list":{"label":"updatedAt","searchable":true,"sortable":true}},"createdBy":{"edit":{"label":"createdBy","description":"","placeholder":"","visible":false,"editable":true,"mainField":"firstname"},"list":{"label":"createdBy","searchable":true,"sortable":true}},"updatedBy":{"edit":{"label":"updatedBy","description":"","placeholder":"","visible":false,"editable":true,"mainField":"firstname"},"list":{"label":"updatedBy","searchable":true,"sortable":true}}},"layouts":{"list":["id","name","code","createdAt"],"edit":[[{"name":"name","size":6},{"name":"code","size":6}]]},"uid":"plugin::i18n.locale"}','object',NULL,NULL),
 (5,'plugin_content_manager_configuration_content_types::plugin::content-releases.release','{"settings":{"bulkable":true,"filterable":true,"searchable":true,"pageSize":10,"mainField":"name","defaultSortBy":"name","defaultSortOrder":"ASC"},"metadatas":{"id":{"edit":{},"list":{"label":"id","searchable":true,"sortable":true}},"name":{"edit":{"label":"name","description":"","placeholder":"","visible":true,"editable":true},"list":{"label":"name","searchable":true,"sortable":true}},"releasedAt":{"edit":{"label":"releasedAt","description":"","placeholder":"","visible":true,"editable":true},"list":{"label":"releasedAt","searchable":true,"sortable":true}},"scheduledAt":{"edit":{"label":"scheduledAt","description":"","placeholder":"","visible":true,"editable":true},"list":{"label":"scheduledAt","searchable":true,"sortable":true}},"timezone":{"edit":{"label":"timezone","description":"","placeholder":"","visible":true,"editable":true},"list":{"label":"timezone","searchable":true,"sortable":true}},"status":{"edit":{"label":"status","description":"","placeholder":"","visible":true,"editable":true},"list":{"label":"status","searchable":true,"sortable":true}},"actions":{"edit":{"label":"actions","description":"","placeholder":"","visible":true,"editable":true,"mainField":"contentType"},"list":{"label":"actions","searchable":false,"sortable":false}},"createdAt":{"edit":{"label":"createdAt","description":"","placeholder":"","visible":false,"editable":true},"list":{"label":"createdAt","searchable":true,"sortable":true}},"updatedAt":{"edit":{"label":"updatedAt","description":"","placeholder":"","visible":false,"editable":true},"list":{"label":"updatedAt","searchable":true,"sortable":true}},"createdBy":{"edit":{"label":"createdBy","description":"","placeholder":"","visible":false,"editable":true,"mainField":"firstname"},"list":{"label":"createdBy","searchable":true,"sortable":true}},"updatedBy":{"edit":{"label":"updatedBy","description":"","placeholder":"","visible":false,"editable":true,"mainField":"firstname"},"list":{"label":"updatedBy","searchable":true,"sortable":true}}},"layouts":{"list":["id","name","releasedAt","scheduledAt"],"edit":[[{"name":"name","size":6},{"name":"releasedAt","size":6}],[{"name":"scheduledAt","size":6},{"name":"timezone","size":6}],[{"name":"status","size":6},{"name":"actions","size":6}]]},"uid":"plugin::content-releases.release"}','object',NULL,NULL),
 (6,'plugin_content_manager_configuration_content_types::plugin::content-releases.release-action','{"settings":{"bulkable":true,"filterable":true,"searchable":true,"pageSize":10,"mainField":"contentType","defaultSortBy":"contentType","defaultSortOrder":"ASC"},"metadatas":{"id":{"edit":{},"list":{"label":"id","searchable":true,"sortable":true}},"type":{"edit":{"label":"type","description":"","placeholder":"","visible":true,"editable":true},"list":{"label":"type","searchable":true,"sortable":true}},"contentType":{"edit":{"label":"contentType","description":"","placeholder":"","visible":true,"editable":true},"list":{"label":"contentType","searchable":true,"sortable":true}},"entryDocumentId":{"edit":{"label":"entryDocumentId","description":"","placeholder":"","visible":true,"editable":true},"list":{"label":"entryDocumentId","searchable":true,"sortable":true}},"release":{"edit":{"label":"release","description":"","placeholder":"","visible":true,"editable":true,"mainField":"name"},"list":{"label":"release","searchable":true,"sortable":true}},"isEntryValid":{"edit":{"label":"isEntryValid","description":"","placeholder":"","visible":true,"editable":true},"list":{"label":"isEntryValid","searchable":true,"sortable":true}},"createdAt":{"edit":{"label":"createdAt","description":"","placeholder":"","visible":false,"editable":true},"list":{"label":"createdAt","searchable":true,"sortable":true}},"updatedAt":{"edit":{"label":"updatedAt","description":"","placeholder":"","visible":false,"editable":true},"list":{"label":"updatedAt","searchable":true,"sortable":true}},"createdBy":{"edit":{"label":"createdBy","description":"","placeholder":"","visible":false,"editable":true,"mainField":"firstname"},"list":{"label":"createdBy","searchable":true,"sortable":true}},"updatedBy":{"edit":{"label":"updatedBy","description":"","placeholder":"","visible":false,"editable":true,"mainField":"firstname"},"list":{"label":"updatedBy","searchable":true,"sortable":true}}},"layouts":{"list":["id","type","contentType","entryDocumentId"],"edit":[[{"name":"type","size":6},{"name":"contentType","size":6}],[{"name":"entryDocumentId","size":6},{"name":"release","size":6}],[{"name":"isEntryValid","size":4}]]},"uid":"plugin::content-releases.release-action"}','object',NULL,NULL),
 (7,'plugin_content_manager_configuration_content_types::plugin::review-workflows.workflow','{"settings":{"bulkable":true,"filterable":true,"searchable":true,"pageSize":10,"mainField":"name","defaultSortBy":"name","defaultSortOrder":"ASC"},"metadatas":{"id":{"edit":{},"list":{"label":"id","searchable":true,"sortable":true}},"name":{"edit":{"label":"name","description":"","placeholder":"","visible":true,"editable":true},"list":{"label":"name","searchable":true,"sortable":true}},"stages":{"edit":{"label":"stages","description":"","placeholder":"","visible":true,"editable":true,"mainField":"name"},"list":{"label":"stages","searchable":false,"sortable":false}},"stageRequiredToPublish":{"edit":{"label":"stageRequiredToPublish","description":"","placeholder":"","visible":true,"editable":true,"mainField":"name"},"list":{"label":"stageRequiredToPublish","searchable":true,"sortable":true}},"contentTypes":{"edit":{"label":"contentTypes","description":"","placeholder":"","visible":true,"editable":true},"list":{"label":"contentTypes","searchable":false,"sortable":false}},"createdAt":{"edit":{"label":"createdAt","description":"","placeholder":"","visible":false,"editable":true},"list":{"label":"createdAt","searchable":true,"sortable":true}},"updatedAt":{"edit":{"label":"updatedAt","description":"","placeholder":"","visible":false,"editable":true},"list":{"label":"updatedAt","searchable":true,"sortable":true}},"createdBy":{"edit":{"label":"createdBy","description":"","placeholder":"","visible":false,"editable":true,"mainField":"firstname"},"list":{"label":"createdBy","searchable":true,"sortable":true}},"updatedBy":{"edit":{"label":"updatedBy","description":"","placeholder":"","visible":false,"editable":true,"mainField":"firstname"},"list":{"label":"updatedBy","searchable":true,"sortable":true}}},"layouts":{"list":["id","name","stages","stageRequiredToPublish"],"edit":[[{"name":"name","size":6},{"name":"stages","size":6}],[{"name":"stageRequiredToPublish","size":6}],[{"name":"contentTypes","size":12}]]},"uid":"plugin::review-workflows.workflow"}','object',NULL,NULL),
 (8,'plugin_content_manager_configuration_content_types::plugin::review-workflows.workflow-stage','{"settings":{"bulkable":true,"filterable":true,"searchable":true,"pageSize":10,"mainField":"name","defaultSortBy":"name","defaultSortOrder":"ASC"},"metadatas":{"id":{"edit":{},"list":{"label":"id","searchable":true,"sortable":true}},"name":{"edit":{"label":"name","description":"","placeholder":"","visible":true,"editable":true},"list":{"label":"name","searchable":true,"sortable":true}},"color":{"edit":{"label":"color","description":"","placeholder":"","visible":true,"editable":true},"list":{"label":"color","searchable":true,"sortable":true}},"workflow":{"edit":{"label":"workflow","description":"","placeholder":"","visible":true,"editable":true,"mainField":"name"},"list":{"label":"workflow","searchable":true,"sortable":true}},"permissions":{"edit":{"label":"permissions","description":"","placeholder":"","visible":true,"editable":true,"mainField":"action"},"list":{"label":"permissions","searchable":false,"sortable":false}},"createdAt":{"edit":{"label":"createdAt","description":"","placeholder":"","visible":false,"editable":true},"list":{"label":"createdAt","searchable":true,"sortable":true}},"updatedAt":{"edit":{"label":"updatedAt","description":"","placeholder":"","visible":false,"editable":true},"list":{"label":"updatedAt","searchable":true,"sortable":true}},"createdBy":{"edit":{"label":"createdBy","description":"","placeholder":"","visible":false,"editable":true,"mainField":"firstname"},"list":{"label":"createdBy","searchable":true,"sortable":true}},"updatedBy":{"edit":{"label":"updatedBy","description":"","placeholder":"","visible":false,"editable":true,"mainField":"firstname"},"list":{"label":"updatedBy","searchable":true,"sortable":true}}},"layouts":{"list":["id","name","color","workflow"],"edit":[[{"name":"name","size":6},{"name":"color","size":6}],[{"name":"workflow","size":6},{"name":"permissions","size":6}]]},"uid":"plugin::review-workflows.workflow-stage"}','object',NULL,NULL),
 (9,'plugin_content_manager_configuration_content_types::plugin::users-permissions.permission','{"settings":{"bulkable":true,"filterable":true,"searchable":true,"pageSize":10,"mainField":"action","defaultSortBy":"action","defaultSortOrder":"ASC"},"metadatas":{"id":{"edit":{},"list":{"label":"id","searchable":true,"sortable":true}},"action":{"edit":{"label":"action","description":"","placeholder":"","visible":true,"editable":true},"list":{"label":"action","searchable":true,"sortable":true}},"role":{"edit":{"label":"role","description":"","placeholder":"","visible":true,"editable":true,"mainField":"name"},"list":{"label":"role","searchable":true,"sortable":true}},"createdAt":{"edit":{"label":"createdAt","description":"","placeholder":"","visible":false,"editable":true},"list":{"label":"createdAt","searchable":true,"sortable":true}},"updatedAt":{"edit":{"label":"updatedAt","description":"","placeholder":"","visible":false,"editable":true},"list":{"label":"updatedAt","searchable":true,"sortable":true}},"createdBy":{"edit":{"label":"createdBy","description":"","placeholder":"","visible":false,"editable":true,"mainField":"firstname"},"list":{"label":"createdBy","searchable":true,"sortable":true}},"updatedBy":{"edit":{"label":"updatedBy","description":"","placeholder":"","visible":false,"editable":true,"mainField":"firstname"},"list":{"label":"updatedBy","searchable":true,"sortable":true}}},"layouts":{"list":["id","action","role","createdAt"],"edit":[[{"name":"action","size":6},{"name":"role","size":6}]]},"uid":"plugin::users-permissions.permission"}','object',NULL,NULL),
 (10,'plugin_content_manager_configuration_content_types::plugin::users-permissions.role','{"settings":{"bulkable":true,"filterable":true,"searchable":true,"pageSize":10,"mainField":"name","defaultSortBy":"name","defaultSortOrder":"ASC"},"metadatas":{"id":{"edit":{},"list":{"label":"id","searchable":true,"sortable":true}},"name":{"edit":{"label":"name","description":"","placeholder":"","visible":true,"editable":true},"list":{"label":"name","searchable":true,"sortable":true}},"description":{"edit":{"label":"description","description":"","placeholder":"","visible":true,"editable":true},"list":{"label":"description","searchable":true,"sortable":true}},"type":{"edit":{"label":"type","description":"","placeholder":"","visible":true,"editable":true},"list":{"label":"type","searchable":true,"sortable":true}},"permissions":{"edit":{"label":"permissions","description":"","placeholder":"","visible":true,"editable":true,"mainField":"action"},"list":{"label":"permissions","searchable":false,"sortable":false}},"users":{"edit":{"label":"users","description":"","placeholder":"","visible":true,"editable":true,"mainField":"username"},"list":{"label":"users","searchable":false,"sortable":false}},"createdAt":{"edit":{"label":"createdAt","description":"","placeholder":"","visible":false,"editable":true},"list":{"label":"createdAt","searchable":true,"sortable":true}},"updatedAt":{"edit":{"label":"updatedAt","description":"","placeholder":"","visible":false,"editable":true},"list":{"label":"updatedAt","searchable":true,"sortable":true}},"createdBy":{"edit":{"label":"createdBy","description":"","placeholder":"","visible":false,"editable":true,"mainField":"firstname"},"list":{"label":"createdBy","searchable":true,"sortable":true}},"updatedBy":{"edit":{"label":"updatedBy","description":"","placeholder":"","visible":false,"editable":true,"mainField":"firstname"},"list":{"label":"updatedBy","searchable":true,"sortable":true}}},"layouts":{"list":["id","name","description","type"],"edit":[[{"name":"name","size":6},{"name":"description","size":6}],[{"name":"type","size":6},{"name":"permissions","size":6}],[{"name":"users","size":6}]]},"uid":"plugin::users-permissions.role"}','object',NULL,NULL),
 (11,'plugin_content_manager_configuration_content_types::plugin::users-permissions.user','{"settings":{"bulkable":true,"filterable":true,"searchable":true,"pageSize":10,"mainField":"username","defaultSortBy":"username","defaultSortOrder":"ASC"},"metadatas":{"id":{"edit":{},"list":{"label":"id","searchable":true,"sortable":true}},"username":{"edit":{"label":"username","description":"","placeholder":"","visible":true,"editable":true},"list":{"label":"username","searchable":true,"sortable":true}},"email":{"edit":{"label":"email","description":"","placeholder":"","visible":true,"editable":true},"list":{"label":"email","searchable":true,"sortable":true}},"provider":{"edit":{"label":"provider","description":"","placeholder":"","visible":false,"editable":true},"list":{"label":"provider","searchable":true,"sortable":true}},"password":{"edit":{"label":"password","description":"","placeholder":"","visible":true,"editable":true},"list":{"label":"password","searchable":true,"sortable":true}},"resetPasswordToken":{"edit":{"label":"resetPasswordToken","description":"","placeholder":"","visible":false,"editable":true},"list":{"label":"resetPasswordToken","searchable":true,"sortable":true}},"confirmationToken":{"edit":{"label":"confirmationToken","description":"","placeholder":"","visible":false,"editable":true},"list":{"label":"confirmationToken","searchable":true,"sortable":true}},"confirmed":{"edit":{"label":"confirmed","description":"","placeholder":"","visible":true,"editable":true},"list":{"label":"confirmed","searchable":true,"sortable":true}},"blocked":{"edit":{"label":"blocked","description":"","placeholder":"","visible":true,"editable":true},"list":{"label":"blocked","searchable":true,"sortable":true}},"role":{"edit":{"label":"role","description":"","placeholder":"","visible":true,"editable":true,"mainField":"name"},"list":{"label":"role","searchable":true,"sortable":true}},"createdAt":{"edit":{"label":"createdAt","description":"","placeholder":"","visible":false,"editable":true},"list":{"label":"createdAt","searchable":true,"sortable":true}},"updatedAt":{"edit":{"label":"updatedAt","description":"","placeholder":"","visible":false,"editable":true},"list":{"label":"updatedAt","searchable":true,"sortable":true}},"createdBy":{"edit":{"label":"createdBy","description":"","placeholder":"","visible":false,"editable":true,"mainField":"firstname"},"list":{"label":"createdBy","searchable":true,"sortable":true}},"updatedBy":{"edit":{"label":"updatedBy","description":"","placeholder":"","visible":false,"editable":true,"mainField":"firstname"},"list":{"label":"updatedBy","searchable":true,"sortable":true}}},"layouts":{"list":["id","username","email","confirmed"],"edit":[[{"name":"username","size":6},{"name":"email","size":6}],[{"name":"password","size":6},{"name":"confirmed","size":4}],[{"name":"blocked","size":4},{"name":"role","size":6}]]},"uid":"plugin::users-permissions.user"}','object',NULL,NULL),
 (12,'plugin_content_manager_configuration_content_types::admin::permission','{"settings":{"bulkable":true,"filterable":true,"searchable":true,"pageSize":10,"mainField":"action","defaultSortBy":"action","defaultSortOrder":"ASC"},"metadatas":{"id":{"edit":{},"list":{"label":"id","searchable":true,"sortable":true}},"action":{"edit":{"label":"action","description":"","placeholder":"","visible":true,"editable":true},"list":{"label":"action","searchable":true,"sortable":true}},"actionParameters":{"edit":{"label":"actionParameters","description":"","placeholder":"","visible":true,"editable":true},"list":{"label":"actionParameters","searchable":false,"sortable":false}},"subject":{"edit":{"label":"subject","description":"","placeholder":"","visible":true,"editable":true},"list":{"label":"subject","searchable":true,"sortable":true}},"properties":{"edit":{"label":"properties","description":"","placeholder":"","visible":true,"editable":true},"list":{"label":"properties","searchable":false,"sortable":false}},"conditions":{"edit":{"label":"conditions","description":"","placeholder":"","visible":true,"editable":true},"list":{"label":"conditions","searchable":false,"sortable":false}},"role":{"edit":{"label":"role","description":"","placeholder":"","visible":true,"editable":true,"mainField":"name"},"list":{"label":"role","searchable":true,"sortable":true}},"createdAt":{"edit":{"label":"createdAt","description":"","placeholder":"","visible":false,"editable":true},"list":{"label":"createdAt","searchable":true,"sortable":true}},"updatedAt":{"edit":{"label":"updatedAt","description":"","placeholder":"","visible":false,"editable":true},"list":{"label":"updatedAt","searchable":true,"sortable":true}},"createdBy":{"edit":{"label":"createdBy","description":"","placeholder":"","visible":false,"editable":true,"mainField":"firstname"},"list":{"label":"createdBy","searchable":true,"sortable":true}},"updatedBy":{"edit":{"label":"updatedBy","description":"","placeholder":"","visible":false,"editable":true,"mainField":"firstname"},"list":{"label":"updatedBy","searchable":true,"sortable":true}}},"layouts":{"list":["id","action","subject","role"],"edit":[[{"name":"action","size":6}],[{"name":"actionParameters","size":12}],[{"name":"subject","size":6}],[{"name":"properties","size":12}],[{"name":"conditions","size":12}],[{"name":"role","size":6}]]},"uid":"admin::permission"}','object',NULL,NULL),
 (13,'plugin_content_manager_configuration_content_types::admin::user','{"settings":{"bulkable":true,"filterable":true,"searchable":true,"pageSize":10,"mainField":"firstname","defaultSortBy":"firstname","defaultSortOrder":"ASC"},"metadatas":{"id":{"edit":{},"list":{"label":"id","searchable":true,"sortable":true}},"firstname":{"edit":{"label":"firstname","description":"","placeholder":"","visible":true,"editable":true},"list":{"label":"firstname","searchable":true,"sortable":true}},"lastname":{"edit":{"label":"lastname","description":"","placeholder":"","visible":true,"editable":true},"list":{"label":"lastname","searchable":true,"sortable":true}},"username":{"edit":{"label":"username","description":"","placeholder":"","visible":true,"editable":true},"list":{"label":"username","searchable":true,"sortable":true}},"email":{"edit":{"label":"email","description":"","placeholder":"","visible":true,"editable":true},"list":{"label":"email","searchable":true,"sortable":true}},"password":{"edit":{"label":"password","description":"","placeholder":"","visible":true,"editable":true},"list":{"label":"password","searchable":true,"sortable":true}},"resetPasswordToken":{"edit":{"label":"resetPasswordToken","description":"","placeholder":"","visible":false,"editable":true},"list":{"label":"resetPasswordToken","searchable":true,"sortable":true}},"registrationToken":{"edit":{"label":"registrationToken","description":"","placeholder":"","visible":false,"editable":true},"list":{"label":"registrationToken","searchable":true,"sortable":true}},"isActive":{"edit":{"label":"isActive","description":"","placeholder":"","visible":true,"editable":true},"list":{"label":"isActive","searchable":true,"sortable":true}},"roles":{"edit":{"label":"roles","description":"","placeholder":"","visible":true,"editable":true,"mainField":"name"},"list":{"label":"roles","searchable":false,"sortable":false}},"blocked":{"edit":{"label":"blocked","description":"","placeholder":"","visible":true,"editable":true},"list":{"label":"blocked","searchable":true,"sortable":true}},"preferedLanguage":{"edit":{"label":"preferedLanguage","description":"","placeholder":"","visible":true,"editable":true},"list":{"label":"preferedLanguage","searchable":true,"sortable":true}},"createdAt":{"edit":{"label":"createdAt","description":"","placeholder":"","visible":false,"editable":true},"list":{"label":"createdAt","searchable":true,"sortable":true}},"updatedAt":{"edit":{"label":"updatedAt","description":"","placeholder":"","visible":false,"editable":true},"list":{"label":"updatedAt","searchable":true,"sortable":true}},"createdBy":{"edit":{"label":"createdBy","description":"","placeholder":"","visible":false,"editable":true,"mainField":"firstname"},"list":{"label":"createdBy","searchable":true,"sortable":true}},"updatedBy":{"edit":{"label":"updatedBy","description":"","placeholder":"","visible":false,"editable":true,"mainField":"firstname"},"list":{"label":"updatedBy","searchable":true,"sortable":true}}},"layouts":{"list":["id","firstname","lastname","username"],"edit":[[{"name":"firstname","size":6},{"name":"lastname","size":6}],[{"name":"username","size":6},{"name":"email","size":6}],[{"name":"password","size":6},{"name":"isActive","size":4}],[{"name":"roles","size":6},{"name":"blocked","size":4}],[{"name":"preferedLanguage","size":6}]]},"uid":"admin::user"}','object',NULL,NULL),
 (14,'plugin_content_manager_configuration_content_types::admin::role','{"settings":{"bulkable":true,"filterable":true,"searchable":true,"pageSize":10,"mainField":"name","defaultSortBy":"name","defaultSortOrder":"ASC"},"metadatas":{"id":{"edit":{},"list":{"label":"id","searchable":true,"sortable":true}},"name":{"edit":{"label":"name","description":"","placeholder":"","visible":true,"editable":true},"list":{"label":"name","searchable":true,"sortable":true}},"code":{"edit":{"label":"code","description":"","placeholder":"","visible":true,"editable":true},"list":{"label":"code","searchable":true,"sortable":true}},"description":{"edit":{"label":"description","description":"","placeholder":"","visible":true,"editable":true},"list":{"label":"description","searchable":true,"sortable":true}},"users":{"edit":{"label":"users","description":"","placeholder":"","visible":true,"editable":true,"mainField":"firstname"},"list":{"label":"users","searchable":false,"sortable":false}},"permissions":{"edit":{"label":"permissions","description":"","placeholder":"","visible":true,"editable":true,"mainField":"action"},"list":{"label":"permissions","searchable":false,"sortable":false}},"createdAt":{"edit":{"label":"createdAt","description":"","placeholder":"","visible":false,"editable":true},"list":{"label":"createdAt","searchable":true,"sortable":true}},"updatedAt":{"edit":{"label":"updatedAt","description":"","placeholder":"","visible":false,"editable":true},"list":{"label":"updatedAt","searchable":true,"sortable":true}},"createdBy":{"edit":{"label":"createdBy","description":"","placeholder":"","visible":false,"editable":true,"mainField":"firstname"},"list":{"label":"createdBy","searchable":true,"sortable":true}},"updatedBy":{"edit":{"label":"updatedBy","description":"","placeholder":"","visible":false,"editable":true,"mainField":"firstname"},"list":{"label":"updatedBy","searchable":true,"sortable":true}}},"layouts":{"list":["id","name","code","description"],"edit":[[{"name":"name","size":6},{"name":"code","size":6}],[{"name":"description","size":6},{"name":"users","size":6}],[{"name":"permissions","size":6}]]},"uid":"admin::role"}','object',NULL,NULL),
 (15,'plugin_content_manager_configuration_content_types::admin::api-token','{"settings":{"bulkable":true,"filterable":true,"searchable":true,"pageSize":10,"mainField":"name","defaultSortBy":"name","defaultSortOrder":"ASC"},"metadatas":{"id":{"edit":{},"list":{"label":"id","searchable":true,"sortable":true}},"name":{"edit":{"label":"name","description":"","placeholder":"","visible":true,"editable":true},"list":{"label":"name","searchable":true,"sortable":true}},"description":{"edit":{"label":"description","description":"","placeholder":"","visible":true,"editable":true},"list":{"label":"description","searchable":true,"sortable":true}},"type":{"edit":{"label":"type","description":"","placeholder":"","visible":true,"editable":true},"list":{"label":"type","searchable":true,"sortable":true}},"accessKey":{"edit":{"label":"accessKey","description":"","placeholder":"","visible":true,"editable":true},"list":{"label":"accessKey","searchable":true,"sortable":true}},"lastUsedAt":{"edit":{"label":"lastUsedAt","description":"","placeholder":"","visible":true,"editable":true},"list":{"label":"lastUsedAt","searchable":true,"sortable":true}},"permissions":{"edit":{"label":"permissions","description":"","placeholder":"","visible":true,"editable":true,"mainField":"action"},"list":{"label":"permissions","searchable":false,"sortable":false}},"expiresAt":{"edit":{"label":"expiresAt","description":"","placeholder":"","visible":true,"editable":true},"list":{"label":"expiresAt","searchable":true,"sortable":true}},"lifespan":{"edit":{"label":"lifespan","description":"","placeholder":"","visible":true,"editable":true},"list":{"label":"lifespan","searchable":true,"sortable":true}},"createdAt":{"edit":{"label":"createdAt","description":"","placeholder":"","visible":false,"editable":true},"list":{"label":"createdAt","searchable":true,"sortable":true}},"updatedAt":{"edit":{"label":"updatedAt","description":"","placeholder":"","visible":false,"editable":true},"list":{"label":"updatedAt","searchable":true,"sortable":true}},"createdBy":{"edit":{"label":"createdBy","description":"","placeholder":"","visible":false,"editable":true,"mainField":"firstname"},"list":{"label":"createdBy","searchable":true,"sortable":true}},"updatedBy":{"edit":{"label":"updatedBy","description":"","placeholder":"","visible":false,"editable":true,"mainField":"firstname"},"list":{"label":"updatedBy","searchable":true,"sortable":true}}},"layouts":{"list":["id","name","description","type"],"edit":[[{"name":"name","size":6},{"name":"description","size":6}],[{"name":"type","size":6},{"name":"accessKey","size":6}],[{"name":"lastUsedAt","size":6},{"name":"permissions","size":6}],[{"name":"expiresAt","size":6},{"name":"lifespan","size":4}]]},"uid":"admin::api-token"}','object',NULL,NULL),
 (16,'plugin_content_manager_configuration_content_types::admin::api-token-permission','{"settings":{"bulkable":true,"filterable":true,"searchable":true,"pageSize":10,"mainField":"action","defaultSortBy":"action","defaultSortOrder":"ASC"},"metadatas":{"id":{"edit":{},"list":{"label":"id","searchable":true,"sortable":true}},"action":{"edit":{"label":"action","description":"","placeholder":"","visible":true,"editable":true},"list":{"label":"action","searchable":true,"sortable":true}},"token":{"edit":{"label":"token","description":"","placeholder":"","visible":true,"editable":true,"mainField":"name"},"list":{"label":"token","searchable":true,"sortable":true}},"createdAt":{"edit":{"label":"createdAt","description":"","placeholder":"","visible":false,"editable":true},"list":{"label":"createdAt","searchable":true,"sortable":true}},"updatedAt":{"edit":{"label":"updatedAt","description":"","placeholder":"","visible":false,"editable":true},"list":{"label":"updatedAt","searchable":true,"sortable":true}},"createdBy":{"edit":{"label":"createdBy","description":"","placeholder":"","visible":false,"editable":true,"mainField":"firstname"},"list":{"label":"createdBy","searchable":true,"sortable":true}},"updatedBy":{"edit":{"label":"updatedBy","description":"","placeholder":"","visible":false,"editable":true,"mainField":"firstname"},"list":{"label":"updatedBy","searchable":true,"sortable":true}}},"layouts":{"list":["id","action","token","createdAt"],"edit":[[{"name":"action","size":6},{"name":"token","size":6}]]},"uid":"admin::api-token-permission"}','object',NULL,NULL),
 (17,'plugin_content_manager_configuration_content_types::admin::transfer-token','{"settings":{"bulkable":true,"filterable":true,"searchable":true,"pageSize":10,"mainField":"name","defaultSortBy":"name","defaultSortOrder":"ASC"},"metadatas":{"id":{"edit":{},"list":{"label":"id","searchable":true,"sortable":true}},"name":{"edit":{"label":"name","description":"","placeholder":"","visible":true,"editable":true},"list":{"label":"name","searchable":true,"sortable":true}},"description":{"edit":{"label":"description","description":"","placeholder":"","visible":true,"editable":true},"list":{"label":"description","searchable":true,"sortable":true}},"accessKey":{"edit":{"label":"accessKey","description":"","placeholder":"","visible":true,"editable":true},"list":{"label":"accessKey","searchable":true,"sortable":true}},"lastUsedAt":{"edit":{"label":"lastUsedAt","description":"","placeholder":"","visible":true,"editable":true},"list":{"label":"lastUsedAt","searchable":true,"sortable":true}},"permissions":{"edit":{"label":"permissions","description":"","placeholder":"","visible":true,"editable":true,"mainField":"action"},"list":{"label":"permissions","searchable":false,"sortable":false}},"expiresAt":{"edit":{"label":"expiresAt","description":"","placeholder":"","visible":true,"editable":true},"list":{"label":"expiresAt","searchable":true,"sortable":true}},"lifespan":{"edit":{"label":"lifespan","description":"","placeholder":"","visible":true,"editable":true},"list":{"label":"lifespan","searchable":true,"sortable":true}},"createdAt":{"edit":{"label":"createdAt","description":"","placeholder":"","visible":false,"editable":true},"list":{"label":"createdAt","searchable":true,"sortable":true}},"updatedAt":{"edit":{"label":"updatedAt","description":"","placeholder":"","visible":false,"editable":true},"list":{"label":"updatedAt","searchable":true,"sortable":true}},"createdBy":{"edit":{"label":"createdBy","description":"","placeholder":"","visible":false,"editable":true,"mainField":"firstname"},"list":{"label":"createdBy","searchable":true,"sortable":true}},"updatedBy":{"edit":{"label":"updatedBy","description":"","placeholder":"","visible":false,"editable":true,"mainField":"firstname"},"list":{"label":"updatedBy","searchable":true,"sortable":true}}},"layouts":{"list":["id","name","description","accessKey"],"edit":[[{"name":"name","size":6},{"name":"description","size":6}],[{"name":"accessKey","size":6},{"name":"lastUsedAt","size":6}],[{"name":"permissions","size":6},{"name":"expiresAt","size":6}],[{"name":"lifespan","size":4}]]},"uid":"admin::transfer-token"}','object',NULL,NULL),
 (18,'plugin_content_manager_configuration_content_types::admin::transfer-token-permission','{"settings":{"bulkable":true,"filterable":true,"searchable":true,"pageSize":10,"mainField":"action","defaultSortBy":"action","defaultSortOrder":"ASC"},"metadatas":{"id":{"edit":{},"list":{"label":"id","searchable":true,"sortable":true}},"action":{"edit":{"label":"action","description":"","placeholder":"","visible":true,"editable":true},"list":{"label":"action","searchable":true,"sortable":true}},"token":{"edit":{"label":"token","description":"","placeholder":"","visible":true,"editable":true,"mainField":"name"},"list":{"label":"token","searchable":true,"sortable":true}},"createdAt":{"edit":{"label":"createdAt","description":"","placeholder":"","visible":false,"editable":true},"list":{"label":"createdAt","searchable":true,"sortable":true}},"updatedAt":{"edit":{"label":"updatedAt","description":"","placeholder":"","visible":false,"editable":true},"list":{"label":"updatedAt","searchable":true,"sortable":true}},"createdBy":{"edit":{"label":"createdBy","description":"","placeholder":"","visible":false,"editable":true,"mainField":"firstname"},"list":{"label":"createdBy","searchable":true,"sortable":true}},"updatedBy":{"edit":{"label":"updatedBy","description":"","placeholder":"","visible":false,"editable":true,"mainField":"firstname"},"list":{"label":"updatedBy","searchable":true,"sortable":true}}},"layouts":{"list":["id","action","token","createdAt"],"edit":[[{"name":"action","size":6},{"name":"token","size":6}]]},"uid":"admin::transfer-token-permission"}','object',NULL,NULL),
 (19,'plugin_upload_settings','{"sizeOptimization":true,"responsiveDimensions":true,"autoOrientation":false}','object',NULL,NULL),
 (20,'plugin_upload_view_configuration','{"pageSize":10,"sort":"createdAt:DESC"}','object',NULL,NULL),
 (21,'plugin_upload_metrics','{"weeklySchedule":"59 50 8 * * 4","lastWeeklyUpdate":1743040259021}','object',NULL,NULL),
 (22,'plugin_i18n_default_locale','"en"','string',NULL,NULL),
 (23,'plugin_users-permissions_grant','{"email":{"icon":"envelope","enabled":true},"discord":{"icon":"discord","enabled":false,"key":"","secret":"","callbackUrl":"api/auth/discord/callback","scope":["identify","email"]},"facebook":{"icon":"facebook-square","enabled":false,"key":"","secret":"","callbackUrl":"api/auth/facebook/callback","scope":["email"]},"google":{"icon":"google","enabled":false,"key":"","secret":"","callbackUrl":"api/auth/google/callback","scope":["email"]},"github":{"icon":"github","enabled":false,"key":"","secret":"","callbackUrl":"api/auth/github/callback","scope":["user","user:email"]},"microsoft":{"icon":"windows","enabled":false,"key":"","secret":"","callbackUrl":"api/auth/microsoft/callback","scope":["user.read"]},"twitter":{"icon":"twitter","enabled":false,"key":"","secret":"","callbackUrl":"api/auth/twitter/callback"},"instagram":{"icon":"instagram","enabled":false,"key":"","secret":"","callbackUrl":"api/auth/instagram/callback","scope":["user_profile"]},"vk":{"icon":"vk","enabled":false,"key":"","secret":"","callbackUrl":"api/auth/vk/callback","scope":["email"]},"twitch":{"icon":"twitch","enabled":false,"key":"","secret":"","callbackUrl":"api/auth/twitch/callback","scope":["user:read:email"]},"linkedin":{"icon":"linkedin","enabled":false,"key":"","secret":"","callbackUrl":"api/auth/linkedin/callback","scope":["r_liteprofile","r_emailaddress"]},"cognito":{"icon":"aws","enabled":false,"key":"","secret":"","subdomain":"my.subdomain.com","callback":"api/auth/cognito/callback","scope":["email","openid","profile"]},"reddit":{"icon":"reddit","enabled":false,"key":"","secret":"","callback":"api/auth/reddit/callback","scope":["identity"]},"auth0":{"icon":"","enabled":false,"key":"","secret":"","subdomain":"my-tenant.eu","callback":"api/auth/auth0/callback","scope":["openid","email","profile"]},"cas":{"icon":"book","enabled":false,"key":"","secret":"","callback":"api/auth/cas/callback","scope":["openid email"],"subdomain":"my.subdomain.com/cas"},"patreon":{"icon":"","enabled":false,"key":"","secret":"","callback":"api/auth/patreon/callback","scope":["identity","identity[email]"]},"keycloak":{"icon":"","enabled":false,"key":"","secret":"","subdomain":"myKeycloakProvider.com/realms/myrealm","callback":"api/auth/keycloak/callback","scope":["openid","email","profile"]}}','object',NULL,NULL),
 (24,'plugin_users-permissions_email','{"reset_password":{"display":"Email.template.reset_password","icon":"sync","options":{"from":{"name":"Administration Panel","email":"no-reply@strapi.io"},"response_email":"","object":"Reset password","message":"<p>We heard that you lost your password. Sorry about that!</p>\n\n<p>But dont worry! You can use the following link to reset your password:</p>\n<p><%= URL %>?code=<%= TOKEN %></p>\n\n<p>Thanks.</p>"}},"email_confirmation":{"display":"Email.template.email_confirmation","icon":"check-square","options":{"from":{"name":"Administration Panel","email":"no-reply@strapi.io"},"response_email":"","object":"Account confirmation","message":"<p>Thank you for registering!</p>\n\n<p>You have to confirm your email address. Please click on the link below.</p>\n\n<p><%= URL %>?confirmation=<%= CODE %></p>\n\n<p>Thanks.</p>"}}}','object',NULL,NULL),
 (25,'plugin_users-permissions_advanced','{"unique_email":true,"allow_register":true,"email_confirmation":false,"email_reset_password":null,"email_confirmation_redirection":null,"default_role":"authenticated"}','object',NULL,NULL),
 (26,'core_admin_auth','{"providers":{"autoRegister":false,"defaultRole":null,"ssoLockedRoles":null}}','object',NULL,NULL);
INSERT INTO "strapi_database_schema" ("id","schema","time","hash") VALUES (1,'{"tables":[{"name":"files","indexes":[{"name":"upload_files_folder_path_index","columns":["folder_path"],"type":null},{"name":"upload_files_created_at_index","columns":["created_at"],"type":null},{"name":"upload_files_updated_at_index","columns":["updated_at"],"type":null},{"name":"upload_files_name_index","columns":["name"],"type":null},{"name":"upload_files_size_index","columns":["size"],"type":null},{"name":"upload_files_ext_index","columns":["ext"],"type":null},{"name":"files_documents_idx","columns":["document_id","locale","published_at"]},{"name":"files_created_by_id_fk","columns":["created_by_id"]},{"name":"files_updated_by_id_fk","columns":["updated_by_id"]}],"foreignKeys":[{"name":"files_created_by_id_fk","columns":["created_by_id"],"referencedTable":"admin_users","referencedColumns":["id"],"onDelete":"SET NULL"},{"name":"files_updated_by_id_fk","columns":["updated_by_id"],"referencedTable":"admin_users","referencedColumns":["id"],"onDelete":"SET NULL"}],"columns":[{"name":"id","type":"increments","args":[{"primary":true,"primaryKey":true}],"defaultTo":null,"notNullable":true,"unsigned":false},{"name":"document_id","type":"string","args":[],"defaultTo":null,"notNullable":false,"unsigned":false},{"name":"name","type":"string","args":[],"defaultTo":null,"notNullable":false,"unsigned":false},{"name":"alternative_text","type":"string","args":[],"defaultTo":null,"notNullable":false,"unsigned":false},{"name":"caption","type":"string","args":[],"defaultTo":null,"notNullable":false,"unsigned":false},{"name":"width","type":"integer","args":[],"defaultTo":null,"notNullable":false,"unsigned":false},{"name":"height","type":"integer","args":[],"defaultTo":null,"notNullable":false,"unsigned":false},{"name":"formats","type":"jsonb","args":[],"defaultTo":null,"notNullable":false,"unsigned":false},{"name":"hash","type":"string","args":[],"defaultTo":null,"notNullable":false,"unsigned":false},{"name":"ext","type":"string","args":[],"defaultTo":null,"notNullable":false,"unsigned":false},{"name":"mime","type":"string","args":[],"defaultTo":null,"notNullable":false,"unsigned":false},{"name":"size","type":"decimal","args":[10,2],"defaultTo":null,"notNullable":false,"unsigned":false},{"name":"url","type":"string","args":[],"defaultTo":null,"notNullable":false,"unsigned":false},{"name":"preview_url","type":"string","args":[],"defaultTo":null,"notNullable":false,"unsigned":false},{"name":"provider","type":"string","args":[],"defaultTo":null,"notNullable":false,"unsigned":false},{"name":"provider_metadata","type":"jsonb","args":[],"defaultTo":null,"notNullable":false,"unsigned":false},{"name":"folder_path","type":"string","args":[],"defaultTo":null,"notNullable":false,"unsigned":false},{"name":"created_at","type":"TIMESTAMP","args":[{"useTz":false,"precision":6}],"defaultTo":null,"notNullable":false,"unsigned":false},{"name":"updated_at","type":"TIMESTAMP","args":[{"useTz":false,"precision":6}],"defaultTo":null,"notNullable":false,"unsigned":false},{"name":"published_at","type":"TIMESTAMP","args":[{"useTz":false,"precision":6}],"defaultTo":null,"notNullable":false,"unsigned":false},{"name":"created_by_id","type":"integer","args":[],"defaultTo":null,"notNullable":false,"unsigned":true},{"name":"updated_by_id","type":"integer","args":[],"defaultTo":null,"notNullable":false,"unsigned":true},{"name":"locale","type":"string","args":[],"defaultTo":null,"notNullable":false,"unsigned":false}]},{"name":"upload_folders","indexes":[{"name":"upload_folders_path_id_index","columns":["path_id"],"type":"unique"},{"name":"upload_folders_path_index","columns":["path"],"type":"unique"},{"name":"upload_folders_documents_idx","columns":["document_id","locale","published_at"]},{"name":"upload_folders_created_by_id_fk","columns":["created_by_id"]},{"name":"upload_folders_updated_by_id_fk","columns":["updated_by_id"]}],"foreignKeys":[{"name":"upload_folders_created_by_id_fk","columns":["created_by_id"],"referencedTable":"admin_users","referencedColumns":["id"],"onDelete":"SET NULL"},{"name":"upload_folders_updated_by_id_fk","columns":["updated_by_id"],"referencedTable":"admin_users","referencedColumns":["id"],"onDelete":"SET NULL"}],"columns":[{"name":"id","type":"increments","args":[{"primary":true,"primaryKey":true}],"defaultTo":null,"notNullable":true,"unsigned":false},{"name":"document_id","type":"string","args":[],"defaultTo":null,"notNullable":false,"unsigned":false},{"name":"name","type":"string","args":[],"defaultTo":null,"notNullable":false,"unsigned":false},{"name":"path_id","type":"integer","args":[],"defaultTo":null,"notNullable":false,"unsigned":false},{"name":"path","type":"string","args":[],"defaultTo":null,"notNullable":false,"unsigned":false},{"name":"created_at","type":"TIMESTAMP","args":[{"useTz":false,"precision":6}],"defaultTo":null,"notNullable":false,"unsigned":false},{"name":"updated_at","type":"TIMESTAMP","args":[{"useTz":false,"precision":6}],"defaultTo":null,"notNullable":false,"unsigned":false},{"name":"published_at","type":"TIMESTAMP","args":[{"useTz":false,"precision":6}],"defaultTo":null,"notNullable":false,"unsigned":false},{"name":"created_by_id","type":"integer","args":[],"defaultTo":null,"notNullable":false,"unsigned":true},{"name":"updated_by_id","type":"integer","args":[],"defaultTo":null,"notNullable":false,"unsigned":true},{"name":"locale","type":"string","args":[],"defaultTo":null,"notNullable":false,"unsigned":false}]},{"name":"i18n_locale","indexes":[{"name":"i18n_locale_documents_idx","columns":["document_id","locale","published_at"]},{"name":"i18n_locale_created_by_id_fk","columns":["created_by_id"]},{"name":"i18n_locale_updated_by_id_fk","columns":["updated_by_id"]}],"foreignKeys":[{"name":"i18n_locale_created_by_id_fk","columns":["created_by_id"],"referencedTable":"admin_users","referencedColumns":["id"],"onDelete":"SET NULL"},{"name":"i18n_locale_updated_by_id_fk","columns":["updated_by_id"],"referencedTable":"admin_users","referencedColumns":["id"],"onDelete":"SET NULL"}],"columns":[{"name":"id","type":"increments","args":[{"primary":true,"primaryKey":true}],"defaultTo":null,"notNullable":true,"unsigned":false},{"name":"document_id","type":"string","args":[],"defaultTo":null,"notNullable":false,"unsigned":false},{"name":"name","type":"string","args":[],"defaultTo":null,"notNullable":false,"unsigned":false},{"name":"code","type":"string","args":[],"defaultTo":null,"notNullable":false,"unsigned":false},{"name":"created_at","type":"TIMESTAMP","args":[{"useTz":false,"precision":6}],"defaultTo":null,"notNullable":false,"unsigned":false},{"name":"updated_at","type":"TIMESTAMP","args":[{"useTz":false,"precision":6}],"defaultTo":null,"notNullable":false,"unsigned":false},{"name":"published_at","type":"TIMESTAMP","args":[{"useTz":false,"precision":6}],"defaultTo":null,"notNullable":false,"unsigned":false},{"name":"created_by_id","type":"integer","args":[],"defaultTo":null,"notNullable":false,"unsigned":true},{"name":"updated_by_id","type":"integer","args":[],"defaultTo":null,"notNullable":false,"unsigned":true},{"name":"locale","type":"string","args":[],"defaultTo":null,"notNullable":false,"unsigned":false}]},{"name":"strapi_releases","indexes":[{"name":"strapi_releases_documents_idx","columns":["document_id","locale","published_at"]},{"name":"strapi_releases_created_by_id_fk","columns":["created_by_id"]},{"name":"strapi_releases_updated_by_id_fk","columns":["updated_by_id"]}],"foreignKeys":[{"name":"strapi_releases_created_by_id_fk","columns":["created_by_id"],"referencedTable":"admin_users","referencedColumns":["id"],"onDelete":"SET NULL"},{"name":"strapi_releases_updated_by_id_fk","columns":["updated_by_id"],"referencedTable":"admin_users","referencedColumns":["id"],"onDelete":"SET NULL"}],"columns":[{"name":"id","type":"increments","args":[{"primary":true,"primaryKey":true}],"defaultTo":null,"notNullable":true,"unsigned":false},{"name":"document_id","type":"string","args":[],"defaultTo":null,"notNullable":false,"unsigned":false},{"name":"name","type":"string","args":[],"defaultTo":null,"notNullable":false,"unsigned":false},{"name":"released_at","type":"TIMESTAMP","args":[{"useTz":false,"precision":6}],"defaultTo":null,"notNullable":false,"unsigned":false},{"name":"scheduled_at","type":"TIMESTAMP","args":[{"useTz":false,"precision":6}],"defaultTo":null,"notNullable":false,"unsigned":false},{"name":"timezone","type":"string","args":[],"defaultTo":null,"notNullable":false,"unsigned":false},{"name":"status","type":"string","args":[],"defaultTo":null,"notNullable":false,"unsigned":false},{"name":"created_at","type":"TIMESTAMP","args":[{"useTz":false,"precision":6}],"defaultTo":null,"notNullable":false,"unsigned":false},{"name":"updated_at","type":"TIMESTAMP","args":[{"useTz":false,"precision":6}],"defaultTo":null,"notNullable":false,"unsigned":false},{"name":"published_at","type":"TIMESTAMP","args":[{"useTz":false,"precision":6}],"defaultTo":null,"notNullable":false,"unsigned":false},{"name":"created_by_id","type":"integer","args":[],"defaultTo":null,"notNullable":false,"unsigned":true},{"name":"updated_by_id","type":"integer","args":[],"defaultTo":null,"notNullable":false,"unsigned":true},{"name":"locale","type":"string","args":[],"defaultTo":null,"notNullable":false,"unsigned":false}]},{"name":"strapi_release_actions","indexes":[{"name":"strapi_release_actions_documents_idx","columns":["document_id","locale","published_at"]},{"name":"strapi_release_actions_created_by_id_fk","columns":["created_by_id"]},{"name":"strapi_release_actions_updated_by_id_fk","columns":["updated_by_id"]}],"foreignKeys":[{"name":"strapi_release_actions_created_by_id_fk","columns":["created_by_id"],"referencedTable":"admin_users","referencedColumns":["id"],"onDelete":"SET NULL"},{"name":"strapi_release_actions_updated_by_id_fk","columns":["updated_by_id"],"referencedTable":"admin_users","referencedColumns":["id"],"onDelete":"SET NULL"}],"columns":[{"name":"id","type":"increments","args":[{"primary":true,"primaryKey":true}],"defaultTo":null,"notNullable":true,"unsigned":false},{"name":"document_id","type":"string","args":[],"defaultTo":null,"notNullable":false,"unsigned":false},{"name":"type","type":"string","args":[],"defaultTo":null,"notNullable":false,"unsigned":false},{"name":"content_type","type":"string","args":[],"defaultTo":null,"notNullable":false,"unsigned":false},{"name":"entry_document_id","type":"string","args":[],"defaultTo":null,"notNullable":false,"unsigned":false},{"name":"locale","type":"string","args":[],"defaultTo":null,"notNullable":false,"unsigned":false},{"name":"is_entry_valid","type":"boolean","args":[],"defaultTo":null,"notNullable":false,"unsigned":false},{"name":"created_at","type":"TIMESTAMP","args":[{"useTz":false,"precision":6}],"defaultTo":null,"notNullable":false,"unsigned":false},{"name":"updated_at","type":"TIMESTAMP","args":[{"useTz":false,"precision":6}],"defaultTo":null,"notNullable":false,"unsigned":false},{"name":"published_at","type":"TIMESTAMP","args":[{"useTz":false,"precision":6}],"defaultTo":null,"notNullable":false,"unsigned":false},{"name":"created_by_id","type":"integer","args":[],"defaultTo":null,"notNullable":false,"unsigned":true},{"name":"updated_by_id","type":"integer","args":[],"defaultTo":null,"notNullable":false,"unsigned":true}]},{"name":"strapi_workflows","indexes":[{"name":"strapi_workflows_documents_idx","columns":["document_id","locale","published_at"]},{"name":"strapi_workflows_created_by_id_fk","columns":["created_by_id"]},{"name":"strapi_workflows_updated_by_id_fk","columns":["updated_by_id"]}],"foreignKeys":[{"name":"strapi_workflows_created_by_id_fk","columns":["created_by_id"],"referencedTable":"admin_users","referencedColumns":["id"],"onDelete":"SET NULL"},{"name":"strapi_workflows_updated_by_id_fk","columns":["updated_by_id"],"referencedTable":"admin_users","referencedColumns":["id"],"onDelete":"SET NULL"}],"columns":[{"name":"id","type":"increments","args":[{"primary":true,"primaryKey":true}],"defaultTo":null,"notNullable":true,"unsigned":false},{"name":"document_id","type":"string","args":[],"defaultTo":null,"notNullable":false,"unsigned":false},{"name":"name","type":"string","args":[],"defaultTo":null,"notNullable":false,"unsigned":false},{"name":"content_types","type":"jsonb","args":[],"defaultTo":null,"notNullable":false,"unsigned":false},{"name":"created_at","type":"TIMESTAMP","args":[{"useTz":false,"precision":6}],"defaultTo":null,"notNullable":false,"unsigned":false},{"name":"updated_at","type":"TIMESTAMP","args":[{"useTz":false,"precision":6}],"defaultTo":null,"notNullable":false,"unsigned":false},{"name":"published_at","type":"TIMESTAMP","args":[{"useTz":false,"precision":6}],"defaultTo":null,"notNullable":false,"unsigned":false},{"name":"created_by_id","type":"integer","args":[],"defaultTo":null,"notNullable":false,"unsigned":true},{"name":"updated_by_id","type":"integer","args":[],"defaultTo":null,"notNullable":false,"unsigned":true},{"name":"locale","type":"string","args":[],"defaultTo":null,"notNullable":false,"unsigned":false}]},{"name":"strapi_workflows_stages","indexes":[{"name":"strapi_workflows_stages_documents_idx","columns":["document_id","locale","published_at"]},{"name":"strapi_workflows_stages_created_by_id_fk","columns":["created_by_id"]},{"name":"strapi_workflows_stages_updated_by_id_fk","columns":["updated_by_id"]}],"foreignKeys":[{"name":"strapi_workflows_stages_created_by_id_fk","columns":["created_by_id"],"referencedTable":"admin_users","referencedColumns":["id"],"onDelete":"SET NULL"},{"name":"strapi_workflows_stages_updated_by_id_fk","columns":["updated_by_id"],"referencedTable":"admin_users","referencedColumns":["id"],"onDelete":"SET NULL"}],"columns":[{"name":"id","type":"increments","args":[{"primary":true,"primaryKey":true}],"defaultTo":null,"notNullable":true,"unsigned":false},{"name":"document_id","type":"string","args":[],"defaultTo":null,"notNullable":false,"unsigned":false},{"name":"name","type":"string","args":[],"defaultTo":null,"notNullable":false,"unsigned":false},{"name":"color","type":"string","args":[],"defaultTo":null,"notNullable":false,"unsigned":false},{"name":"created_at","type":"TIMESTAMP","args":[{"useTz":false,"precision":6}],"defaultTo":null,"notNullable":false,"unsigned":false},{"name":"updated_at","type":"TIMESTAMP","args":[{"useTz":false,"precision":6}],"defaultTo":null,"notNullable":false,"unsigned":false},{"name":"published_at","type":"TIMESTAMP","args":[{"useTz":false,"precision":6}],"defaultTo":null,"notNullable":false,"unsigned":false},{"name":"created_by_id","type":"integer","args":[],"defaultTo":null,"notNullable":false,"unsigned":true},{"name":"updated_by_id","type":"integer","args":[],"defaultTo":null,"notNullable":false,"unsigned":true},{"name":"locale","type":"string","args":[],"defaultTo":null,"notNullable":false,"unsigned":false}]},{"name":"up_permissions","indexes":[{"name":"up_permissions_documents_idx","columns":["document_id","locale","published_at"]},{"name":"up_permissions_created_by_id_fk","columns":["created_by_id"]},{"name":"up_permissions_updated_by_id_fk","columns":["updated_by_id"]}],"foreignKeys":[{"name":"up_permissions_created_by_id_fk","columns":["created_by_id"],"referencedTable":"admin_users","referencedColumns":["id"],"onDelete":"SET NULL"},{"name":"up_permissions_updated_by_id_fk","columns":["updated_by_id"],"referencedTable":"admin_users","referencedColumns":["id"],"onDelete":"SET NULL"}],"columns":[{"name":"id","type":"increments","args":[{"primary":true,"primaryKey":true}],"defaultTo":null,"notNullable":true,"unsigned":false},{"name":"document_id","type":"string","args":[],"defaultTo":null,"notNullable":false,"unsigned":false},{"name":"action","type":"string","args":[],"defaultTo":null,"notNullable":false,"unsigned":false},{"name":"created_at","type":"TIMESTAMP","args":[{"useTz":false,"precision":6}],"defaultTo":null,"notNullable":false,"unsigned":false},{"name":"updated_at","type":"TIMESTAMP","args":[{"useTz":false,"precision":6}],"defaultTo":null,"notNullable":false,"unsigned":false},{"name":"published_at","type":"TIMESTAMP","args":[{"useTz":false,"precision":6}],"defaultTo":null,"notNullable":false,"unsigned":false},{"name":"created_by_id","type":"integer","args":[],"defaultTo":null,"notNullable":false,"unsigned":true},{"name":"updated_by_id","type":"integer","args":[],"defaultTo":null,"notNullable":false,"unsigned":true},{"name":"locale","type":"string","args":[],"defaultTo":null,"notNullable":false,"unsigned":false}]},{"name":"up_roles","indexes":[{"name":"up_roles_documents_idx","columns":["document_id","locale","published_at"]},{"name":"up_roles_created_by_id_fk","columns":["created_by_id"]},{"name":"up_roles_updated_by_id_fk","columns":["updated_by_id"]}],"foreignKeys":[{"name":"up_roles_created_by_id_fk","columns":["created_by_id"],"referencedTable":"admin_users","referencedColumns":["id"],"onDelete":"SET NULL"},{"name":"up_roles_updated_by_id_fk","columns":["updated_by_id"],"referencedTable":"admin_users","referencedColumns":["id"],"onDelete":"SET NULL"}],"columns":[{"name":"id","type":"increments","args":[{"primary":true,"primaryKey":true}],"defaultTo":null,"notNullable":true,"unsigned":false},{"name":"document_id","type":"string","args":[],"defaultTo":null,"notNullable":false,"unsigned":false},{"name":"name","type":"string","args":[],"defaultTo":null,"notNullable":false,"unsigned":false},{"name":"description","type":"string","args":[],"defaultTo":null,"notNullable":false,"unsigned":false},{"name":"type","type":"string","args":[],"defaultTo":null,"notNullable":false,"unsigned":false},{"name":"created_at","type":"TIMESTAMP","args":[{"useTz":false,"precision":6}],"defaultTo":null,"notNullable":false,"unsigned":false},{"name":"updated_at","type":"TIMESTAMP","args":[{"useTz":false,"precision":6}],"defaultTo":null,"notNullable":false,"unsigned":false},{"name":"published_at","type":"TIMESTAMP","args":[{"useTz":false,"precision":6}],"defaultTo":null,"notNullable":false,"unsigned":false},{"name":"created_by_id","type":"integer","args":[],"defaultTo":null,"notNullable":false,"unsigned":true},{"name":"updated_by_id","type":"integer","args":[],"defaultTo":null,"notNullable":false,"unsigned":true},{"name":"locale","type":"string","args":[],"defaultTo":null,"notNullable":false,"unsigned":false}]},{"name":"up_users","indexes":[{"name":"up_users_documents_idx","columns":["document_id","locale","published_at"]},{"name":"up_users_created_by_id_fk","columns":["created_by_id"]},{"name":"up_users_updated_by_id_fk","columns":["updated_by_id"]}],"foreignKeys":[{"name":"up_users_created_by_id_fk","columns":["created_by_id"],"referencedTable":"admin_users","referencedColumns":["id"],"onDelete":"SET NULL"},{"name":"up_users_updated_by_id_fk","columns":["updated_by_id"],"referencedTable":"admin_users","referencedColumns":["id"],"onDelete":"SET NULL"}],"columns":[{"name":"id","type":"increments","args":[{"primary":true,"primaryKey":true}],"defaultTo":null,"notNullable":true,"unsigned":false},{"name":"document_id","type":"string","args":[],"defaultTo":null,"notNullable":false,"unsigned":false},{"name":"username","type":"string","args":[],"defaultTo":null,"notNullable":false,"unsigned":false},{"name":"email","type":"string","args":[],"defaultTo":null,"notNullable":false,"unsigned":false},{"name":"provider","type":"string","args":[],"defaultTo":null,"notNullable":false,"unsigned":false},{"name":"password","type":"string","args":[],"defaultTo":null,"notNullable":false,"unsigned":false},{"name":"reset_password_token","type":"string","args":[],"defaultTo":null,"notNullable":false,"unsigned":false},{"name":"confirmation_token","type":"string","args":[],"defaultTo":null,"notNullable":false,"unsigned":false},{"name":"confirmed","type":"boolean","args":[],"defaultTo":null,"notNullable":false,"unsigned":false},{"name":"blocked","type":"boolean","args":[],"defaultTo":null,"notNullable":false,"unsigned":false},{"name":"created_at","type":"TIMESTAMP","args":[{"useTz":false,"precision":6}],"defaultTo":null,"notNullable":false,"unsigned":false},{"name":"updated_at","type":"TIMESTAMP","args":[{"useTz":false,"precision":6}],"defaultTo":null,"notNullable":false,"unsigned":false},{"name":"published_at","type":"TIMESTAMP","args":[{"useTz":false,"precision":6}],"defaultTo":null,"notNullable":false,"unsigned":false},{"name":"created_by_id","type":"integer","args":[],"defaultTo":null,"notNullable":false,"unsigned":true},{"name":"updated_by_id","type":"integer","args":[],"defaultTo":null,"notNullable":false,"unsigned":true},{"name":"locale","type":"string","args":[],"defaultTo":null,"notNullable":false,"unsigned":false}]},{"name":"admin_permissions","indexes":[{"name":"admin_permissions_documents_idx","columns":["document_id","locale","published_at"]},{"name":"admin_permissions_created_by_id_fk","columns":["created_by_id"]},{"name":"admin_permissions_updated_by_id_fk","columns":["updated_by_id"]}],"foreignKeys":[{"name":"admin_permissions_created_by_id_fk","columns":["created_by_id"],"referencedTable":"admin_users","referencedColumns":["id"],"onDelete":"SET NULL"},{"name":"admin_permissions_updated_by_id_fk","columns":["updated_by_id"],"referencedTable":"admin_users","referencedColumns":["id"],"onDelete":"SET NULL"}],"columns":[{"name":"id","type":"increments","args":[{"primary":true,"primaryKey":true}],"defaultTo":null,"notNullable":true,"unsigned":false},{"name":"document_id","type":"string","args":[],"defaultTo":null,"notNullable":false,"unsigned":false},{"name":"action","type":"string","args":[],"defaultTo":null,"notNullable":false,"unsigned":false},{"name":"action_parameters","type":"jsonb","args":[],"defaultTo":null,"notNullable":false,"unsigned":false},{"name":"subject","type":"string","args":[],"defaultTo":null,"notNullable":false,"unsigned":false},{"name":"properties","type":"jsonb","args":[],"defaultTo":null,"notNullable":false,"unsigned":false},{"name":"conditions","type":"jsonb","args":[],"defaultTo":null,"notNullable":false,"unsigned":false},{"name":"created_at","type":"TIMESTAMP","args":[{"useTz":false,"precision":6}],"defaultTo":null,"notNullable":false,"unsigned":false},{"name":"updated_at","type":"TIMESTAMP","args":[{"useTz":false,"precision":6}],"defaultTo":null,"notNullable":false,"unsigned":false},{"name":"published_at","type":"TIMESTAMP","args":[{"useTz":false,"precision":6}],"defaultTo":null,"notNullable":false,"unsigned":false},{"name":"created_by_id","type":"integer","args":[],"defaultTo":null,"notNullable":false,"unsigned":true},{"name":"updated_by_id","type":"integer","args":[],"defaultTo":null,"notNullable":false,"unsigned":true},{"name":"locale","type":"string","args":[],"defaultTo":null,"notNullable":false,"unsigned":false}]},{"name":"admin_users","indexes":[{"name":"admin_users_documents_idx","columns":["document_id","locale","published_at"]},{"name":"admin_users_created_by_id_fk","columns":["created_by_id"]},{"name":"admin_users_updated_by_id_fk","columns":["updated_by_id"]}],"foreignKeys":[{"name":"admin_users_created_by_id_fk","columns":["created_by_id"],"referencedTable":"admin_users","referencedColumns":["id"],"onDelete":"SET NULL"},{"name":"admin_users_updated_by_id_fk","columns":["updated_by_id"],"referencedTable":"admin_users","referencedColumns":["id"],"onDelete":"SET NULL"}],"columns":[{"name":"id","type":"increments","args":[{"primary":true,"primaryKey":true}],"defaultTo":null,"notNullable":true,"unsigned":false},{"name":"document_id","type":"string","args":[],"defaultTo":null,"notNullable":false,"unsigned":false},{"name":"firstname","type":"string","args":[],"defaultTo":null,"notNullable":false,"unsigned":false},{"name":"lastname","type":"string","args":[],"defaultTo":null,"notNullable":false,"unsigned":false},{"name":"username","type":"string","args":[],"defaultTo":null,"notNullable":false,"unsigned":false},{"name":"email","type":"string","args":[],"defaultTo":null,"notNullable":false,"unsigned":false},{"name":"password","type":"string","args":[],"defaultTo":null,"notNullable":false,"unsigned":false},{"name":"reset_password_token","type":"string","args":[],"defaultTo":null,"notNullable":false,"unsigned":false},{"name":"registration_token","type":"string","args":[],"defaultTo":null,"notNullable":false,"unsigned":false},{"name":"is_active","type":"boolean","args":[],"defaultTo":null,"notNullable":false,"unsigned":false},{"name":"blocked","type":"boolean","args":[],"defaultTo":null,"notNullable":false,"unsigned":false},{"name":"prefered_language","type":"string","args":[],"defaultTo":null,"notNullable":false,"unsigned":false},{"name":"created_at","type":"TIMESTAMP","args":[{"useTz":false,"precision":6}],"defaultTo":null,"notNullable":false,"unsigned":false},{"name":"updated_at","type":"TIMESTAMP","args":[{"useTz":false,"precision":6}],"defaultTo":null,"notNullable":false,"unsigned":false},{"name":"published_at","type":"TIMESTAMP","args":[{"useTz":false,"precision":6}],"defaultTo":null,"notNullable":false,"unsigned":false},{"name":"created_by_id","type":"integer","args":[],"defaultTo":null,"notNullable":false,"unsigned":true},{"name":"updated_by_id","type":"integer","args":[],"defaultTo":null,"notNullable":false,"unsigned":true},{"name":"locale","type":"string","args":[],"defaultTo":null,"notNullable":false,"unsigned":false}]},{"name":"admin_roles","indexes":[{"name":"admin_roles_documents_idx","columns":["document_id","locale","published_at"]},{"name":"admin_roles_created_by_id_fk","columns":["created_by_id"]},{"name":"admin_roles_updated_by_id_fk","columns":["updated_by_id"]}],"foreignKeys":[{"name":"admin_roles_created_by_id_fk","columns":["created_by_id"],"referencedTable":"admin_users","referencedColumns":["id"],"onDelete":"SET NULL"},{"name":"admin_roles_updated_by_id_fk","columns":["updated_by_id"],"referencedTable":"admin_users","referencedColumns":["id"],"onDelete":"SET NULL"}],"columns":[{"name":"id","type":"increments","args":[{"primary":true,"primaryKey":true}],"defaultTo":null,"notNullable":true,"unsigned":false},{"name":"document_id","type":"string","args":[],"defaultTo":null,"notNullable":false,"unsigned":false},{"name":"name","type":"string","args":[],"defaultTo":null,"notNullable":false,"unsigned":false},{"name":"code","type":"string","args":[],"defaultTo":null,"notNullable":false,"unsigned":false},{"name":"description","type":"string","args":[],"defaultTo":null,"notNullable":false,"unsigned":false},{"name":"created_at","type":"TIMESTAMP","args":[{"useTz":false,"precision":6}],"defaultTo":null,"notNullable":false,"unsigned":false},{"name":"updated_at","type":"TIMESTAMP","args":[{"useTz":false,"precision":6}],"defaultTo":null,"notNullable":false,"unsigned":false},{"name":"published_at","type":"TIMESTAMP","args":[{"useTz":false,"precision":6}],"defaultTo":null,"notNullable":false,"unsigned":false},{"name":"created_by_id","type":"integer","args":[],"defaultTo":null,"notNullable":false,"unsigned":true},{"name":"updated_by_id","type":"integer","args":[],"defaultTo":null,"notNullable":false,"unsigned":true},{"name":"locale","type":"string","args":[],"defaultTo":null,"notNullable":false,"unsigned":false}]},{"name":"strapi_api_tokens","indexes":[{"name":"strapi_api_tokens_documents_idx","columns":["document_id","locale","published_at"]},{"name":"strapi_api_tokens_created_by_id_fk","columns":["created_by_id"]},{"name":"strapi_api_tokens_updated_by_id_fk","columns":["updated_by_id"]}],"foreignKeys":[{"name":"strapi_api_tokens_created_by_id_fk","columns":["created_by_id"],"referencedTable":"admin_users","referencedColumns":["id"],"onDelete":"SET NULL"},{"name":"strapi_api_tokens_updated_by_id_fk","columns":["updated_by_id"],"referencedTable":"admin_users","referencedColumns":["id"],"onDelete":"SET NULL"}],"columns":[{"name":"id","type":"increments","args":[{"primary":true,"primaryKey":true}],"defaultTo":null,"notNullable":true,"unsigned":false},{"name":"document_id","type":"string","args":[],"defaultTo":null,"notNullable":false,"unsigned":false},{"name":"name","type":"string","args":[],"defaultTo":null,"notNullable":false,"unsigned":false},{"name":"description","type":"string","args":[],"defaultTo":null,"notNullable":false,"unsigned":false},{"name":"type","type":"string","args":[],"defaultTo":null,"notNullable":false,"unsigned":false},{"name":"access_key","type":"string","args":[],"defaultTo":null,"notNullable":false,"unsigned":false},{"name":"last_used_at","type":"TIMESTAMP","args":[{"useTz":false,"precision":6}],"defaultTo":null,"notNullable":false,"unsigned":false},{"name":"expires_at","type":"TIMESTAMP","args":[{"useTz":false,"precision":6}],"defaultTo":null,"notNullable":false,"unsigned":false},{"name":"lifespan","type":"bigInteger","args":[],"defaultTo":null,"notNullable":false,"unsigned":false},{"name":"created_at","type":"TIMESTAMP","args":[{"useTz":false,"precision":6}],"defaultTo":null,"notNullable":false,"unsigned":false},{"name":"updated_at","type":"TIMESTAMP","args":[{"useTz":false,"precision":6}],"defaultTo":null,"notNullable":false,"unsigned":false},{"name":"published_at","type":"TIMESTAMP","args":[{"useTz":false,"precision":6}],"defaultTo":null,"notNullable":false,"unsigned":false},{"name":"created_by_id","type":"integer","args":[],"defaultTo":null,"notNullable":false,"unsigned":true},{"name":"updated_by_id","type":"integer","args":[],"defaultTo":null,"notNullable":false,"unsigned":true},{"name":"locale","type":"string","args":[],"defaultTo":null,"notNullable":false,"unsigned":false}]},{"name":"strapi_api_token_permissions","indexes":[{"name":"strapi_api_token_permissions_documents_idx","columns":["document_id","locale","published_at"]},{"name":"strapi_api_token_permissions_created_by_id_fk","columns":["created_by_id"]},{"name":"strapi_api_token_permissions_updated_by_id_fk","columns":["updated_by_id"]}],"foreignKeys":[{"name":"strapi_api_token_permissions_created_by_id_fk","columns":["created_by_id"],"referencedTable":"admin_users","referencedColumns":["id"],"onDelete":"SET NULL"},{"name":"strapi_api_token_permissions_updated_by_id_fk","columns":["updated_by_id"],"referencedTable":"admin_users","referencedColumns":["id"],"onDelete":"SET NULL"}],"columns":[{"name":"id","type":"increments","args":[{"primary":true,"primaryKey":true}],"defaultTo":null,"notNullable":true,"unsigned":false},{"name":"document_id","type":"string","args":[],"defaultTo":null,"notNullable":false,"unsigned":false},{"name":"action","type":"string","args":[],"defaultTo":null,"notNullable":false,"unsigned":false},{"name":"created_at","type":"TIMESTAMP","args":[{"useTz":false,"precision":6}],"defaultTo":null,"notNullable":false,"unsigned":false},{"name":"updated_at","type":"TIMESTAMP","args":[{"useTz":false,"precision":6}],"defaultTo":null,"notNullable":false,"unsigned":false},{"name":"published_at","type":"TIMESTAMP","args":[{"useTz":false,"precision":6}],"defaultTo":null,"notNullable":false,"unsigned":false},{"name":"created_by_id","type":"integer","args":[],"defaultTo":null,"notNullable":false,"unsigned":true},{"name":"updated_by_id","type":"integer","args":[],"defaultTo":null,"notNullable":false,"unsigned":true},{"name":"locale","type":"string","args":[],"defaultTo":null,"notNullable":false,"unsigned":false}]},{"name":"strapi_transfer_tokens","indexes":[{"name":"strapi_transfer_tokens_documents_idx","columns":["document_id","locale","published_at"]},{"name":"strapi_transfer_tokens_created_by_id_fk","columns":["created_by_id"]},{"name":"strapi_transfer_tokens_updated_by_id_fk","columns":["updated_by_id"]}],"foreignKeys":[{"name":"strapi_transfer_tokens_created_by_id_fk","columns":["created_by_id"],"referencedTable":"admin_users","referencedColumns":["id"],"onDelete":"SET NULL"},{"name":"strapi_transfer_tokens_updated_by_id_fk","columns":["updated_by_id"],"referencedTable":"admin_users","referencedColumns":["id"],"onDelete":"SET NULL"}],"columns":[{"name":"id","type":"increments","args":[{"primary":true,"primaryKey":true}],"defaultTo":null,"notNullable":true,"unsigned":false},{"name":"document_id","type":"string","args":[],"defaultTo":null,"notNullable":false,"unsigned":false},{"name":"name","type":"string","args":[],"defaultTo":null,"notNullable":false,"unsigned":false},{"name":"description","type":"string","args":[],"defaultTo":null,"notNullable":false,"unsigned":false},{"name":"access_key","type":"string","args":[],"defaultTo":null,"notNullable":false,"unsigned":false},{"name":"last_used_at","type":"TIMESTAMP","args":[{"useTz":false,"precision":6}],"defaultTo":null,"notNullable":false,"unsigned":false},{"name":"expires_at","type":"TIMESTAMP","args":[{"useTz":false,"precision":6}],"defaultTo":null,"notNullable":false,"unsigned":false},{"name":"lifespan","type":"bigInteger","args":[],"defaultTo":null,"notNullable":false,"unsigned":false},{"name":"created_at","type":"TIMESTAMP","args":[{"useTz":false,"precision":6}],"defaultTo":null,"notNullable":false,"unsigned":false},{"name":"updated_at","type":"TIMESTAMP","args":[{"useTz":false,"precision":6}],"defaultTo":null,"notNullable":false,"unsigned":false},{"name":"published_at","type":"TIMESTAMP","args":[{"useTz":false,"precision":6}],"defaultTo":null,"notNullable":false,"unsigned":false},{"name":"created_by_id","type":"integer","args":[],"defaultTo":null,"notNullable":false,"unsigned":true},{"name":"updated_by_id","type":"integer","args":[],"defaultTo":null,"notNullable":false,"unsigned":true},{"name":"locale","type":"string","args":[],"defaultTo":null,"notNullable":false,"unsigned":false}]},{"name":"strapi_transfer_token_permissions","indexes":[{"name":"strapi_transfer_token_permissions_documents_idx","columns":["document_id","locale","published_at"]},{"name":"strapi_transfer_token_permissions_created_by_id_fk","columns":["created_by_id"]},{"name":"strapi_transfer_token_permissions_updated_by_id_fk","columns":["updated_by_id"]}],"foreignKeys":[{"name":"strapi_transfer_token_permissions_created_by_id_fk","columns":["created_by_id"],"referencedTable":"admin_users","referencedColumns":["id"],"onDelete":"SET NULL"},{"name":"strapi_transfer_token_permissions_updated_by_id_fk","columns":["updated_by_id"],"referencedTable":"admin_users","referencedColumns":["id"],"onDelete":"SET NULL"}],"columns":[{"name":"id","type":"increments","args":[{"primary":true,"primaryKey":true}],"defaultTo":null,"notNullable":true,"unsigned":false},{"name":"document_id","type":"string","args":[],"defaultTo":null,"notNullable":false,"unsigned":false},{"name":"action","type":"string","args":[],"defaultTo":null,"notNullable":false,"unsigned":false},{"name":"created_at","type":"TIMESTAMP","args":[{"useTz":false,"precision":6}],"defaultTo":null,"notNullable":false,"unsigned":false},{"name":"updated_at","type":"TIMESTAMP","args":[{"useTz":false,"precision":6}],"defaultTo":null,"notNullable":false,"unsigned":false},{"name":"published_at","type":"TIMESTAMP","args":[{"useTz":false,"precision":6}],"defaultTo":null,"notNullable":false,"unsigned":false},{"name":"created_by_id","type":"integer","args":[],"defaultTo":null,"notNullable":false,"unsigned":true},{"name":"updated_by_id","type":"integer","args":[],"defaultTo":null,"notNullable":false,"unsigned":true},{"name":"locale","type":"string","args":[],"defaultTo":null,"notNullable":false,"unsigned":false}]},{"name":"strapi_core_store_settings","indexes":[],"foreignKeys":[],"columns":[{"name":"id","type":"increments","args":[{"primary":true,"primaryKey":true}],"defaultTo":null,"notNullable":true,"unsigned":false},{"name":"key","type":"string","args":[],"defaultTo":null,"notNullable":false,"unsigned":false},{"name":"value","type":"text","args":["longtext"],"defaultTo":null,"notNullable":false,"unsigned":false},{"name":"type","type":"string","args":[],"defaultTo":null,"notNullable":false,"unsigned":false},{"name":"environment","type":"string","args":[],"defaultTo":null,"notNullable":false,"unsigned":false},{"name":"tag","type":"string","args":[],"defaultTo":null,"notNullable":false,"unsigned":false}]},{"name":"strapi_webhooks","indexes":[],"foreignKeys":[],"columns":[{"name":"id","type":"increments","args":[{"primary":true,"primaryKey":true}],"defaultTo":null,"notNullable":true,"unsigned":false},{"name":"name","type":"string","args":[],"defaultTo":null,"notNullable":false,"unsigned":false},{"name":"url","type":"text","args":["longtext"],"defaultTo":null,"notNullable":false,"unsigned":false},{"name":"headers","type":"jsonb","args":[],"defaultTo":null,"notNullable":false,"unsigned":false},{"name":"events","type":"jsonb","args":[],"defaultTo":null,"notNullable":false,"unsigned":false},{"name":"enabled","type":"boolean","args":[],"defaultTo":null,"notNullable":false,"unsigned":false}]},{"name":"strapi_history_versions","indexes":[{"name":"strapi_history_versions_created_by_id_fk","columns":["created_by_id"]}],"foreignKeys":[{"name":"strapi_history_versions_created_by_id_fk","columns":["created_by_id"],"referencedTable":"admin_users","referencedColumns":["id"],"onDelete":"SET NULL"}],"columns":[{"name":"id","type":"increments","args":[{"primary":true,"primaryKey":true}],"defaultTo":null,"notNullable":true,"unsigned":false},{"name":"content_type","type":"string","args":[],"defaultTo":null,"notNullable":true,"unsigned":false},{"name":"related_document_id","type":"string","args":[],"defaultTo":null,"notNullable":false,"unsigned":false},{"name":"locale","type":"string","args":[],"defaultTo":null,"notNullable":false,"unsigned":false},{"name":"status","type":"string","args":[],"defaultTo":null,"notNullable":false,"unsigned":false},{"name":"data","type":"jsonb","args":[],"defaultTo":null,"notNullable":false,"unsigned":false},{"name":"schema","type":"jsonb","args":[],"defaultTo":null,"notNullable":false,"unsigned":false},{"name":"created_at","type":"TIMESTAMP","args":[{"useTz":false,"precision":6}],"defaultTo":null,"notNullable":false,"unsigned":false},{"name":"created_by_id","type":"integer","args":[],"defaultTo":null,"notNullable":false,"unsigned":true}]},{"name":"files_related_mph","indexes":[{"name":"files_related_mph_fk","columns":["file_id"]},{"name":"files_related_mph_oidx","columns":["order"]},{"name":"files_related_mph_idix","columns":["related_id"]}],"foreignKeys":[{"name":"files_related_mph_fk","columns":["file_id"],"referencedColumns":["id"],"referencedTable":"files","onDelete":"CASCADE"}],"columns":[{"name":"id","type":"increments","args":[{"primary":true,"primaryKey":true}],"defaultTo":null,"notNullable":true,"unsigned":false},{"name":"file_id","type":"integer","args":[],"defaultTo":null,"notNullable":false,"unsigned":true},{"name":"related_id","type":"integer","args":[],"defaultTo":null,"notNullable":false,"unsigned":true},{"name":"related_type","type":"string","args":[],"defaultTo":null,"notNullable":false,"unsigned":false},{"name":"field","type":"string","args":[],"defaultTo":null,"notNullable":false,"unsigned":false},{"name":"order","type":"double","args":[],"defaultTo":null,"notNullable":false,"unsigned":true}]},{"name":"files_folder_lnk","indexes":[{"name":"files_folder_lnk_fk","columns":["file_id"]},{"name":"files_folder_lnk_ifk","columns":["folder_id"]},{"name":"files_folder_lnk_uq","columns":["file_id","folder_id"],"type":"unique"},{"name":"files_folder_lnk_oifk","columns":["file_ord"]}],"foreignKeys":[{"name":"files_folder_lnk_fk","columns":["file_id"],"referencedColumns":["id"],"referencedTable":"files","onDelete":"CASCADE"},{"name":"files_folder_lnk_ifk","columns":["folder_id"],"referencedColumns":["id"],"referencedTable":"upload_folders","onDelete":"CASCADE"}],"columns":[{"name":"id","type":"increments","args":[{"primary":true,"primaryKey":true}],"defaultTo":null,"notNullable":true,"unsigned":false},{"name":"file_id","type":"integer","args":[],"defaultTo":null,"notNullable":false,"unsigned":true},{"name":"folder_id","type":"integer","args":[],"defaultTo":null,"notNullable":false,"unsigned":true},{"name":"file_ord","type":"double","args":[],"defaultTo":null,"notNullable":false,"unsigned":true}]},{"name":"upload_folders_parent_lnk","indexes":[{"name":"upload_folders_parent_lnk_fk","columns":["folder_id"]},{"name":"upload_folders_parent_lnk_ifk","columns":["inv_folder_id"]},{"name":"upload_folders_parent_lnk_uq","columns":["folder_id","inv_folder_id"],"type":"unique"},{"name":"upload_folders_parent_lnk_oifk","columns":["folder_ord"]}],"foreignKeys":[{"name":"upload_folders_parent_lnk_fk","columns":["folder_id"],"referencedColumns":["id"],"referencedTable":"upload_folders","onDelete":"CASCADE"},{"name":"upload_folders_parent_lnk_ifk","columns":["inv_folder_id"],"referencedColumns":["id"],"referencedTable":"upload_folders","onDelete":"CASCADE"}],"columns":[{"name":"id","type":"increments","args":[{"primary":true,"primaryKey":true}],"defaultTo":null,"notNullable":true,"unsigned":false},{"name":"folder_id","type":"integer","args":[],"defaultTo":null,"notNullable":false,"unsigned":true},{"name":"inv_folder_id","type":"integer","args":[],"defaultTo":null,"notNullable":false,"unsigned":true},{"name":"folder_ord","type":"double","args":[],"defaultTo":null,"notNullable":false,"unsigned":true}]},{"name":"strapi_release_actions_release_lnk","indexes":[{"name":"strapi_release_actions_release_lnk_fk","columns":["release_action_id"]},{"name":"strapi_release_actions_release_lnk_ifk","columns":["release_id"]},{"name":"strapi_release_actions_release_lnk_uq","columns":["release_action_id","release_id"],"type":"unique"},{"name":"strapi_release_actions_release_lnk_oifk","columns":["release_action_ord"]}],"foreignKeys":[{"name":"strapi_release_actions_release_lnk_fk","columns":["release_action_id"],"referencedColumns":["id"],"referencedTable":"strapi_release_actions","onDelete":"CASCADE"},{"name":"strapi_release_actions_release_lnk_ifk","columns":["release_id"],"referencedColumns":["id"],"referencedTable":"strapi_releases","onDelete":"CASCADE"}],"columns":[{"name":"id","type":"increments","args":[{"primary":true,"primaryKey":true}],"defaultTo":null,"notNullable":true,"unsigned":false},{"name":"release_action_id","type":"integer","args":[],"defaultTo":null,"notNullable":false,"unsigned":true},{"name":"release_id","type":"integer","args":[],"defaultTo":null,"notNullable":false,"unsigned":true},{"name":"release_action_ord","type":"double","args":[],"defaultTo":null,"notNullable":false,"unsigned":true}]},{"name":"strapi_workflows_stage_required_to_publish_lnk","indexes":[{"name":"strapi_workflows_stage_required_to_publish_lnk_fk","columns":["workflow_id"]},{"name":"strapi_workflows_stage_required_to_publish_lnk_ifk","columns":["workflow_stage_id"]},{"name":"strapi_workflows_stage_required_to_publish_lnk_uq","columns":["workflow_id","workflow_stage_id"],"type":"unique"}],"foreignKeys":[{"name":"strapi_workflows_stage_required_to_publish_lnk_fk","columns":["workflow_id"],"referencedColumns":["id"],"referencedTable":"strapi_workflows","onDelete":"CASCADE"},{"name":"strapi_workflows_stage_required_to_publish_lnk_ifk","columns":["workflow_stage_id"],"referencedColumns":["id"],"referencedTable":"strapi_workflows_stages","onDelete":"CASCADE"}],"columns":[{"name":"id","type":"increments","args":[{"primary":true,"primaryKey":true}],"defaultTo":null,"notNullable":true,"unsigned":false},{"name":"workflow_id","type":"integer","args":[],"defaultTo":null,"notNullable":false,"unsigned":true},{"name":"workflow_stage_id","type":"integer","args":[],"defaultTo":null,"notNullable":false,"unsigned":true}]},{"name":"strapi_workflows_stages_workflow_lnk","indexes":[{"name":"strapi_workflows_stages_workflow_lnk_fk","columns":["workflow_stage_id"]},{"name":"strapi_workflows_stages_workflow_lnk_ifk","columns":["workflow_id"]},{"name":"strapi_workflows_stages_workflow_lnk_uq","columns":["workflow_stage_id","workflow_id"],"type":"unique"},{"name":"strapi_workflows_stages_workflow_lnk_oifk","columns":["workflow_stage_ord"]}],"foreignKeys":[{"name":"strapi_workflows_stages_workflow_lnk_fk","columns":["workflow_stage_id"],"referencedColumns":["id"],"referencedTable":"strapi_workflows_stages","onDelete":"CASCADE"},{"name":"strapi_workflows_stages_workflow_lnk_ifk","columns":["workflow_id"],"referencedColumns":["id"],"referencedTable":"strapi_workflows","onDelete":"CASCADE"}],"columns":[{"name":"id","type":"increments","args":[{"primary":true,"primaryKey":true}],"defaultTo":null,"notNullable":true,"unsigned":false},{"name":"workflow_stage_id","type":"integer","args":[],"defaultTo":null,"notNullable":false,"unsigned":true},{"name":"workflow_id","type":"integer","args":[],"defaultTo":null,"notNullable":false,"unsigned":true},{"name":"workflow_stage_ord","type":"double","args":[],"defaultTo":null,"notNullable":false,"unsigned":true}]},{"name":"strapi_workflows_stages_permissions_lnk","indexes":[{"name":"strapi_workflows_stages_permissions_lnk_fk","columns":["workflow_stage_id"]},{"name":"strapi_workflows_stages_permissions_lnk_ifk","columns":["permission_id"]},{"name":"strapi_workflows_stages_permissions_lnk_uq","columns":["workflow_stage_id","permission_id"],"type":"unique"},{"name":"strapi_workflows_stages_permissions_lnk_ofk","columns":["permission_ord"]}],"foreignKeys":[{"name":"strapi_workflows_stages_permissions_lnk_fk","columns":["workflow_stage_id"],"referencedColumns":["id"],"referencedTable":"strapi_workflows_stages","onDelete":"CASCADE"},{"name":"strapi_workflows_stages_permissions_lnk_ifk","columns":["permission_id"],"referencedColumns":["id"],"referencedTable":"admin_permissions","onDelete":"CASCADE"}],"columns":[{"name":"id","type":"increments","args":[{"primary":true,"primaryKey":true}],"defaultTo":null,"notNullable":true,"unsigned":false},{"name":"workflow_stage_id","type":"integer","args":[],"defaultTo":null,"notNullable":false,"unsigned":true},{"name":"permission_id","type":"integer","args":[],"defaultTo":null,"notNullable":false,"unsigned":true},{"name":"permission_ord","type":"double","args":[],"defaultTo":null,"notNullable":false,"unsigned":true}]},{"name":"up_permissions_role_lnk","indexes":[{"name":"up_permissions_role_lnk_fk","columns":["permission_id"]},{"name":"up_permissions_role_lnk_ifk","columns":["role_id"]},{"name":"up_permissions_role_lnk_uq","columns":["permission_id","role_id"],"type":"unique"},{"name":"up_permissions_role_lnk_oifk","columns":["permission_ord"]}],"foreignKeys":[{"name":"up_permissions_role_lnk_fk","columns":["permission_id"],"referencedColumns":["id"],"referencedTable":"up_permissions","onDelete":"CASCADE"},{"name":"up_permissions_role_lnk_ifk","columns":["role_id"],"referencedColumns":["id"],"referencedTable":"up_roles","onDelete":"CASCADE"}],"columns":[{"name":"id","type":"increments","args":[{"primary":true,"primaryKey":true}],"defaultTo":null,"notNullable":true,"unsigned":false},{"name":"permission_id","type":"integer","args":[],"defaultTo":null,"notNullable":false,"unsigned":true},{"name":"role_id","type":"integer","args":[],"defaultTo":null,"notNullable":false,"unsigned":true},{"name":"permission_ord","type":"double","args":[],"defaultTo":null,"notNullable":false,"unsigned":true}]},{"name":"up_users_role_lnk","indexes":[{"name":"up_users_role_lnk_fk","columns":["user_id"]},{"name":"up_users_role_lnk_ifk","columns":["role_id"]},{"name":"up_users_role_lnk_uq","columns":["user_id","role_id"],"type":"unique"},{"name":"up_users_role_lnk_oifk","columns":["user_ord"]}],"foreignKeys":[{"name":"up_users_role_lnk_fk","columns":["user_id"],"referencedColumns":["id"],"referencedTable":"up_users","onDelete":"CASCADE"},{"name":"up_users_role_lnk_ifk","columns":["role_id"],"referencedColumns":["id"],"referencedTable":"up_roles","onDelete":"CASCADE"}],"columns":[{"name":"id","type":"increments","args":[{"primary":true,"primaryKey":true}],"defaultTo":null,"notNullable":true,"unsigned":false},{"name":"user_id","type":"integer","args":[],"defaultTo":null,"notNullable":false,"unsigned":true},{"name":"role_id","type":"integer","args":[],"defaultTo":null,"notNullable":false,"unsigned":true},{"name":"user_ord","type":"double","args":[],"defaultTo":null,"notNullable":false,"unsigned":true}]},{"name":"admin_permissions_role_lnk","indexes":[{"name":"admin_permissions_role_lnk_fk","columns":["permission_id"]},{"name":"admin_permissions_role_lnk_ifk","columns":["role_id"]},{"name":"admin_permissions_role_lnk_uq","columns":["permission_id","role_id"],"type":"unique"},{"name":"admin_permissions_role_lnk_oifk","columns":["permission_ord"]}],"foreignKeys":[{"name":"admin_permissions_role_lnk_fk","columns":["permission_id"],"referencedColumns":["id"],"referencedTable":"admin_permissions","onDelete":"CASCADE"},{"name":"admin_permissions_role_lnk_ifk","columns":["role_id"],"referencedColumns":["id"],"referencedTable":"admin_roles","onDelete":"CASCADE"}],"columns":[{"name":"id","type":"increments","args":[{"primary":true,"primaryKey":true}],"defaultTo":null,"notNullable":true,"unsigned":false},{"name":"permission_id","type":"integer","args":[],"defaultTo":null,"notNullable":false,"unsigned":true},{"name":"role_id","type":"integer","args":[],"defaultTo":null,"notNullable":false,"unsigned":true},{"name":"permission_ord","type":"double","args":[],"defaultTo":null,"notNullable":false,"unsigned":true}]},{"name":"admin_users_roles_lnk","indexes":[{"name":"admin_users_roles_lnk_fk","columns":["user_id"]},{"name":"admin_users_roles_lnk_ifk","columns":["role_id"]},{"name":"admin_users_roles_lnk_uq","columns":["user_id","role_id"],"type":"unique"},{"name":"admin_users_roles_lnk_ofk","columns":["role_ord"]},{"name":"admin_users_roles_lnk_oifk","columns":["user_ord"]}],"foreignKeys":[{"name":"admin_users_roles_lnk_fk","columns":["user_id"],"referencedColumns":["id"],"referencedTable":"admin_users","onDelete":"CASCADE"},{"name":"admin_users_roles_lnk_ifk","columns":["role_id"],"referencedColumns":["id"],"referencedTable":"admin_roles","onDelete":"CASCADE"}],"columns":[{"name":"id","type":"increments","args":[{"primary":true,"primaryKey":true}],"defaultTo":null,"notNullable":true,"unsigned":false},{"name":"user_id","type":"integer","args":[],"defaultTo":null,"notNullable":false,"unsigned":true},{"name":"role_id","type":"integer","args":[],"defaultTo":null,"notNullable":false,"unsigned":true},{"name":"role_ord","type":"double","args":[],"defaultTo":null,"notNullable":false,"unsigned":true},{"name":"user_ord","type":"double","args":[],"defaultTo":null,"notNullable":false,"unsigned":true}]},{"name":"strapi_api_token_permissions_token_lnk","indexes":[{"name":"strapi_api_token_permissions_token_lnk_fk","columns":["api_token_permission_id"]},{"name":"strapi_api_token_permissions_token_lnk_ifk","columns":["api_token_id"]},{"name":"strapi_api_token_permissions_token_lnk_uq","columns":["api_token_permission_id","api_token_id"],"type":"unique"},{"name":"strapi_api_token_permissions_token_lnk_oifk","columns":["api_token_permission_ord"]}],"foreignKeys":[{"name":"strapi_api_token_permissions_token_lnk_fk","columns":["api_token_permission_id"],"referencedColumns":["id"],"referencedTable":"strapi_api_token_permissions","onDelete":"CASCADE"},{"name":"strapi_api_token_permissions_token_lnk_ifk","columns":["api_token_id"],"referencedColumns":["id"],"referencedTable":"strapi_api_tokens","onDelete":"CASCADE"}],"columns":[{"name":"id","type":"increments","args":[{"primary":true,"primaryKey":true}],"defaultTo":null,"notNullable":true,"unsigned":false},{"name":"api_token_permission_id","type":"integer","args":[],"defaultTo":null,"notNullable":false,"unsigned":true},{"name":"api_token_id","type":"integer","args":[],"defaultTo":null,"notNullable":false,"unsigned":true},{"name":"api_token_permission_ord","type":"double","args":[],"defaultTo":null,"notNullable":false,"unsigned":true}]},{"name":"strapi_transfer_token_permissions_token_lnk","indexes":[{"name":"strapi_transfer_token_permissions_token_lnk_fk","columns":["transfer_token_permission_id"]},{"name":"strapi_transfer_token_permissions_token_lnk_ifk","columns":["transfer_token_id"]},{"name":"strapi_transfer_token_permissions_token_lnk_uq","columns":["transfer_token_permission_id","transfer_token_id"],"type":"unique"},{"name":"strapi_transfer_token_permissions_token_lnk_oifk","columns":["transfer_token_permission_ord"]}],"foreignKeys":[{"name":"strapi_transfer_token_permissions_token_lnk_fk","columns":["transfer_token_permission_id"],"referencedColumns":["id"],"referencedTable":"strapi_transfer_token_permissions","onDelete":"CASCADE"},{"name":"strapi_transfer_token_permissions_token_lnk_ifk","columns":["transfer_token_id"],"referencedColumns":["id"],"referencedTable":"strapi_transfer_tokens","onDelete":"CASCADE"}],"columns":[{"name":"id","type":"increments","args":[{"primary":true,"primaryKey":true}],"defaultTo":null,"notNullable":true,"unsigned":false},{"name":"transfer_token_permission_id","type":"integer","args":[],"defaultTo":null,"notNullable":false,"unsigned":true},{"name":"transfer_token_id","type":"integer","args":[],"defaultTo":null,"notNullable":false,"unsigned":true},{"name":"transfer_token_permission_ord","type":"double","args":[],"defaultTo":null,"notNullable":false,"unsigned":true}]}]}',1743040243854,'4b6454c233920e38a660d70f4e4fd106');
INSERT INTO "strapi_migrations_internal" ("id","name","time") VALUES (1,'5.0.0-rename-identifiers-longer-than-max-length',1743040243574),
 (2,'5.0.0-02-created-document-id',1743040243590),
 (3,'5.0.0-03-created-locale',1743040243602),
 (4,'5.0.0-04-created-published-at',1743040243614),
 (5,'5.0.0-05-drop-slug-fields-index',1743040243626),
 (6,'core::5.0.0-discard-drafts',1743040243638);
INSERT INTO "up_permissions" ("id","document_id","action","created_at","updated_at","published_at","created_by_id","updated_by_id","locale") VALUES (1,'z8g5scyyi0licqysuv22j2v4','plugin::users-permissions.user.me',1743040244295,1743040244295,1743040244295,NULL,NULL,NULL),
 (2,'d894fe3olwus05rrnlkwypsl','plugin::users-permissions.auth.changePassword',1743040244295,1743040244295,1743040244296,NULL,NULL,NULL),
 (3,'z0x1uzvrm9c69mgt8xxhuiel','plugin::users-permissions.auth.callback',1743040244337,1743040244337,1743040244337,NULL,NULL,NULL),
 (4,'wnj0n3n9336g2md1n2pvgmiw','plugin::users-permissions.auth.connect',1743040244337,1743040244337,1743040244337,NULL,NULL,NULL),
 (5,'tw2xqf53hs4l002bzarrb07q','plugin::users-permissions.auth.forgotPassword',1743040244337,1743040244337,1743040244337,NULL,NULL,NULL),
 (6,'ee32alns7dlmyjy06i8d1ja6','plugin::users-permissions.auth.resetPassword',1743040244337,1743040244337,1743040244337,NULL,NULL,NULL),
 (7,'lkukpky2r7i0qprgp3n6dmdi','plugin::users-permissions.auth.register',1743040244337,1743040244337,1743040244337,NULL,NULL,NULL),
 (8,'qnmiy5wa64mvzxlxl9itpepy','plugin::users-permissions.auth.emailConfirmation',1743040244337,1743040244337,1743040244337,NULL,NULL,NULL),
 (9,'g4zxy2oj6xv0pbfsmsqu97p4','plugin::users-permissions.auth.sendEmailConfirmation',1743040244337,1743040244337,1743040244337,NULL,NULL,NULL);
INSERT INTO "up_permissions_role_lnk" ("id","permission_id","role_id","permission_ord") VALUES (1,1,1,1.0),
 (2,2,1,2.0),
 (3,3,2,1.0),
 (4,4,2,2.0),
 (5,5,2,3.0),
 (6,6,2,4.0),
 (7,7,2,5.0),
 (8,8,2,6.0),
 (9,9,2,7.0);
INSERT INTO "up_roles" ("id","document_id","name","description","type","created_at","updated_at","published_at","created_by_id","updated_by_id","locale") VALUES (1,'kug5d477iud5umzbvdx963cj','Authenticated','Default role given to authenticated user.','authenticated',1743040244264,1743040244264,1743040244264,NULL,NULL,NULL),
 (2,'soh34a8b30z2cmtdf7967w6x','Public','Default role given to unauthenticated user.','public',1743040244275,1743040244275,1743040244276,NULL,NULL,NULL);
CREATE INDEX "admin_permissions_created_by_id_fk" on "admin_permissions" ("created_by_id");
CREATE INDEX "admin_permissions_documents_idx" on "admin_permissions" ("document_id", "locale", "published_at");
CREATE INDEX "admin_permissions_role_lnk_fk" on "admin_permissions_role_lnk" ("permission_id");
CREATE INDEX "admin_permissions_role_lnk_ifk" on "admin_permissions_role_lnk" ("role_id");
CREATE INDEX "admin_permissions_role_lnk_oifk" on "admin_permissions_role_lnk" ("permission_ord");
CREATE UNIQUE INDEX "admin_permissions_role_lnk_uq" on "admin_permissions_role_lnk" ("permission_id", "role_id");
CREATE INDEX "admin_permissions_updated_by_id_fk" on "admin_permissions" ("updated_by_id");
CREATE INDEX "admin_roles_created_by_id_fk" on "admin_roles" ("created_by_id");
CREATE INDEX "admin_roles_documents_idx" on "admin_roles" ("document_id", "locale", "published_at");
CREATE INDEX "admin_roles_updated_by_id_fk" on "admin_roles" ("updated_by_id");
CREATE INDEX "admin_users_created_by_id_fk" on "admin_users" ("created_by_id");
CREATE INDEX "admin_users_documents_idx" on "admin_users" ("document_id", "locale", "published_at");
CREATE INDEX "admin_users_roles_lnk_fk" on "admin_users_roles_lnk" ("user_id");
CREATE INDEX "admin_users_roles_lnk_ifk" on "admin_users_roles_lnk" ("role_id");
CREATE INDEX "admin_users_roles_lnk_ofk" on "admin_users_roles_lnk" ("role_ord");
CREATE INDEX "admin_users_roles_lnk_oifk" on "admin_users_roles_lnk" ("user_ord");
CREATE UNIQUE INDEX "admin_users_roles_lnk_uq" on "admin_users_roles_lnk" ("user_id", "role_id");
CREATE INDEX "admin_users_updated_by_id_fk" on "admin_users" ("updated_by_id");
CREATE INDEX "files_created_by_id_fk" on "files" ("created_by_id");
CREATE INDEX "files_documents_idx" on "files" ("document_id", "locale", "published_at");
CREATE INDEX "files_folder_lnk_fk" on "files_folder_lnk" ("file_id");
CREATE INDEX "files_folder_lnk_ifk" on "files_folder_lnk" ("folder_id");
CREATE INDEX "files_folder_lnk_oifk" on "files_folder_lnk" ("file_ord");
CREATE UNIQUE INDEX "files_folder_lnk_uq" on "files_folder_lnk" ("file_id", "folder_id");
CREATE INDEX "files_related_mph_fk" on "files_related_mph" ("file_id");
CREATE INDEX "files_related_mph_idix" on "files_related_mph" ("related_id");
CREATE INDEX "files_related_mph_oidx" on "files_related_mph" ("order");
CREATE INDEX "files_updated_by_id_fk" on "files" ("updated_by_id");
CREATE INDEX "i18n_locale_created_by_id_fk" on "i18n_locale" ("created_by_id");
CREATE INDEX "i18n_locale_documents_idx" on "i18n_locale" ("document_id", "locale", "published_at");
CREATE INDEX "i18n_locale_updated_by_id_fk" on "i18n_locale" ("updated_by_id");
CREATE INDEX "strapi_api_token_permissions_created_by_id_fk" on "strapi_api_token_permissions" ("created_by_id");
CREATE INDEX "strapi_api_token_permissions_documents_idx" on "strapi_api_token_permissions" ("document_id", "locale", "published_at");
CREATE INDEX "strapi_api_token_permissions_token_lnk_fk" on "strapi_api_token_permissions_token_lnk" ("api_token_permission_id");
CREATE INDEX "strapi_api_token_permissions_token_lnk_ifk" on "strapi_api_token_permissions_token_lnk" ("api_token_id");
CREATE INDEX "strapi_api_token_permissions_token_lnk_oifk" on "strapi_api_token_permissions_token_lnk" ("api_token_permission_ord");
CREATE UNIQUE INDEX "strapi_api_token_permissions_token_lnk_uq" on "strapi_api_token_permissions_token_lnk" ("api_token_permission_id", "api_token_id");
CREATE INDEX "strapi_api_token_permissions_updated_by_id_fk" on "strapi_api_token_permissions" ("updated_by_id");
CREATE INDEX "strapi_api_tokens_created_by_id_fk" on "strapi_api_tokens" ("created_by_id");
CREATE INDEX "strapi_api_tokens_documents_idx" on "strapi_api_tokens" ("document_id", "locale", "published_at");
CREATE INDEX "strapi_api_tokens_updated_by_id_fk" on "strapi_api_tokens" ("updated_by_id");
CREATE INDEX "strapi_history_versions_created_by_id_fk" on "strapi_history_versions" ("created_by_id");
CREATE INDEX "strapi_release_actions_created_by_id_fk" on "strapi_release_actions" ("created_by_id");
CREATE INDEX "strapi_release_actions_documents_idx" on "strapi_release_actions" ("document_id", "locale", "published_at");
CREATE INDEX "strapi_release_actions_release_lnk_fk" on "strapi_release_actions_release_lnk" ("release_action_id");
CREATE INDEX "strapi_release_actions_release_lnk_ifk" on "strapi_release_actions_release_lnk" ("release_id");
CREATE INDEX "strapi_release_actions_release_lnk_oifk" on "strapi_release_actions_release_lnk" ("release_action_ord");
CREATE UNIQUE INDEX "strapi_release_actions_release_lnk_uq" on "strapi_release_actions_release_lnk" ("release_action_id", "release_id");
CREATE INDEX "strapi_release_actions_updated_by_id_fk" on "strapi_release_actions" ("updated_by_id");
CREATE INDEX "strapi_releases_created_by_id_fk" on "strapi_releases" ("created_by_id");
CREATE INDEX "strapi_releases_documents_idx" on "strapi_releases" ("document_id", "locale", "published_at");
CREATE INDEX "strapi_releases_updated_by_id_fk" on "strapi_releases" ("updated_by_id");
CREATE INDEX "strapi_transfer_token_permissions_created_by_id_fk" on "strapi_transfer_token_permissions" ("created_by_id");
CREATE INDEX "strapi_transfer_token_permissions_documents_idx" on "strapi_transfer_token_permissions" ("document_id", "locale", "published_at");
CREATE INDEX "strapi_transfer_token_permissions_token_lnk_fk" on "strapi_transfer_token_permissions_token_lnk" ("transfer_token_permission_id");
CREATE INDEX "strapi_transfer_token_permissions_token_lnk_ifk" on "strapi_transfer_token_permissions_token_lnk" ("transfer_token_id");
CREATE INDEX "strapi_transfer_token_permissions_token_lnk_oifk" on "strapi_transfer_token_permissions_token_lnk" ("transfer_token_permission_ord");
CREATE UNIQUE INDEX "strapi_transfer_token_permissions_token_lnk_uq" on "strapi_transfer_token_permissions_token_lnk" ("transfer_token_permission_id", "transfer_token_id");
CREATE INDEX "strapi_transfer_token_permissions_updated_by_id_fk" on "strapi_transfer_token_permissions" ("updated_by_id");
CREATE INDEX "strapi_transfer_tokens_created_by_id_fk" on "strapi_transfer_tokens" ("created_by_id");
CREATE INDEX "strapi_transfer_tokens_documents_idx" on "strapi_transfer_tokens" ("document_id", "locale", "published_at");
CREATE INDEX "strapi_transfer_tokens_updated_by_id_fk" on "strapi_transfer_tokens" ("updated_by_id");
CREATE INDEX "strapi_workflows_created_by_id_fk" on "strapi_workflows" ("created_by_id");
CREATE INDEX "strapi_workflows_documents_idx" on "strapi_workflows" ("document_id", "locale", "published_at");
CREATE INDEX "strapi_workflows_stage_required_to_publish_lnk_fk" on "strapi_workflows_stage_required_to_publish_lnk" ("workflow_id");
CREATE INDEX "strapi_workflows_stage_required_to_publish_lnk_ifk" on "strapi_workflows_stage_required_to_publish_lnk" ("workflow_stage_id");
CREATE UNIQUE INDEX "strapi_workflows_stage_required_to_publish_lnk_uq" on "strapi_workflows_stage_required_to_publish_lnk" ("workflow_id", "workflow_stage_id");
CREATE INDEX "strapi_workflows_stages_created_by_id_fk" on "strapi_workflows_stages" ("created_by_id");
CREATE INDEX "strapi_workflows_stages_documents_idx" on "strapi_workflows_stages" ("document_id", "locale", "published_at");
CREATE INDEX "strapi_workflows_stages_permissions_lnk_fk" on "strapi_workflows_stages_permissions_lnk" ("workflow_stage_id");
CREATE INDEX "strapi_workflows_stages_permissions_lnk_ifk" on "strapi_workflows_stages_permissions_lnk" ("permission_id");
CREATE INDEX "strapi_workflows_stages_permissions_lnk_ofk" on "strapi_workflows_stages_permissions_lnk" ("permission_ord");
CREATE UNIQUE INDEX "strapi_workflows_stages_permissions_lnk_uq" on "strapi_workflows_stages_permissions_lnk" ("workflow_stage_id", "permission_id");
CREATE INDEX "strapi_workflows_stages_updated_by_id_fk" on "strapi_workflows_stages" ("updated_by_id");
CREATE INDEX "strapi_workflows_stages_workflow_lnk_fk" on "strapi_workflows_stages_workflow_lnk" ("workflow_stage_id");
CREATE INDEX "strapi_workflows_stages_workflow_lnk_ifk" on "strapi_workflows_stages_workflow_lnk" ("workflow_id");
CREATE INDEX "strapi_workflows_stages_workflow_lnk_oifk" on "strapi_workflows_stages_workflow_lnk" ("workflow_stage_ord");
CREATE UNIQUE INDEX "strapi_workflows_stages_workflow_lnk_uq" on "strapi_workflows_stages_workflow_lnk" ("workflow_stage_id", "workflow_id");
CREATE INDEX "strapi_workflows_updated_by_id_fk" on "strapi_workflows" ("updated_by_id");
CREATE INDEX "up_permissions_created_by_id_fk" on "up_permissions" ("created_by_id");
CREATE INDEX "up_permissions_documents_idx" on "up_permissions" ("document_id", "locale", "published_at");
CREATE INDEX "up_permissions_role_lnk_fk" on "up_permissions_role_lnk" ("permission_id");
CREATE INDEX "up_permissions_role_lnk_ifk" on "up_permissions_role_lnk" ("role_id");
CREATE INDEX "up_permissions_role_lnk_oifk" on "up_permissions_role_lnk" ("permission_ord");
CREATE UNIQUE INDEX "up_permissions_role_lnk_uq" on "up_permissions_role_lnk" ("permission_id", "role_id");
CREATE INDEX "up_permissions_updated_by_id_fk" on "up_permissions" ("updated_by_id");
CREATE INDEX "up_roles_created_by_id_fk" on "up_roles" ("created_by_id");
CREATE INDEX "up_roles_documents_idx" on "up_roles" ("document_id", "locale", "published_at");
CREATE INDEX "up_roles_updated_by_id_fk" on "up_roles" ("updated_by_id");
CREATE INDEX "up_users_created_by_id_fk" on "up_users" ("created_by_id");
CREATE INDEX "up_users_documents_idx" on "up_users" ("document_id", "locale", "published_at");
CREATE INDEX "up_users_role_lnk_fk" on "up_users_role_lnk" ("user_id");
CREATE INDEX "up_users_role_lnk_ifk" on "up_users_role_lnk" ("role_id");
CREATE INDEX "up_users_role_lnk_oifk" on "up_users_role_lnk" ("user_ord");
CREATE UNIQUE INDEX "up_users_role_lnk_uq" on "up_users_role_lnk" ("user_id", "role_id");
CREATE INDEX "up_users_updated_by_id_fk" on "up_users" ("updated_by_id");
CREATE INDEX "upload_files_created_at_index" on "files" ("created_at");
CREATE INDEX "upload_files_ext_index" on "files" ("ext");
CREATE INDEX "upload_files_folder_path_index" on "files" ("folder_path");
CREATE INDEX "upload_files_name_index" on "files" ("name");
CREATE INDEX "upload_files_size_index" on "files" ("size");
CREATE INDEX "upload_files_updated_at_index" on "files" ("updated_at");
CREATE INDEX "upload_folders_created_by_id_fk" on "upload_folders" ("created_by_id");
CREATE INDEX "upload_folders_documents_idx" on "upload_folders" ("document_id", "locale", "published_at");
CREATE INDEX "upload_folders_parent_lnk_fk" on "upload_folders_parent_lnk" ("folder_id");
CREATE INDEX "upload_folders_parent_lnk_ifk" on "upload_folders_parent_lnk" ("inv_folder_id");
CREATE INDEX "upload_folders_parent_lnk_oifk" on "upload_folders_parent_lnk" ("folder_ord");
CREATE UNIQUE INDEX "upload_folders_parent_lnk_uq" on "upload_folders_parent_lnk" ("folder_id", "inv_folder_id");
CREATE UNIQUE INDEX "upload_folders_path_id_index" on "upload_folders" ("path_id");
CREATE UNIQUE INDEX "upload_folders_path_index" on "upload_folders" ("path");
CREATE INDEX "upload_folders_updated_by_id_fk" on "upload_folders" ("updated_by_id");